거래번호,지점,고객타입,성별,제품군,단가,수량,매출액,날짜,시간,지불방식,매출원가,매출이익
750-67-8428,A,회원,여성,헬스/뷰티,"77,678",7,"543,746",2019-01-05,13:08,신용카드,"522,830","20,916"
226-31-3081,C,비회원,여성,컴퓨터 주변기기,"15,891",5,"79,455",2019-03-08,10:29,현금,"76,400","3,055"
631-41-3108,A,비회원,남성,홈데코,"48,183",7,"337,281",2019-03-03,13:23,신용카드,"324,310","12,971"
123-19-1176,A,회원,남성,헬스/뷰티,"60,549",8,"484,392",2019-01-27,20:33,신용카드,"465,760","18,632"
373-73-7910,A,비회원,남성,스포츠/여행,"89,762",7,"628,334",2019-02-08,10:37,신용카드,"604,170","24,164"
699-14-3026,C,비회원,남성,컴퓨터 주변기기,"88,806",7,"621,642",2019-03-25,18:30,신용카드,"597,730","23,912"
355-53-5943,A,회원,여성,컴퓨터 주변기기,"71,594",6,"429,564",2019-02-25,14:36,신용카드,"413,040","16,524"
315-22-5665,C,비회원,여성,홈데코,"76,502",10,"765,020",2019-02-24,11:38,신용카드,"735,600","29,420"
665-32-9167,A,회원,여성,헬스/뷰티,"37,710",2,"75,420",2019-01-10,17:15,신용카드,"72,520","2,900"
692-92-5582,B,회원,여성,식품/음료,"57,034",3,"171,102",2019-02-20,13:27,신용카드,"164,520","6,582"
351-62-0822,B,회원,여성,패션/액세서리,"15,059",4,"60,236",2019-02-06,18:07,신용카드,"57,920","2,316"
529-56-3974,B,회원,남성,컴퓨터 주변기기,"26,530",4,"106,120",2019-03-09,17:03,현금,"102,040","4,080"
365-64-0515,A,비회원,여성,컴퓨터 주변기기,"48,828",5,"244,140",2019-02-12,10:25,신용카드,"234,750","9,390"
252-56-2699,A,비회원,남성,식품/음료,"44,918",10,"449,180",2019-02-07,16:48,신용카드,"431,900","17,280"
829-34-3910,A,비회원,여성,헬스/뷰티,"74,235",10,"742,350",2019-03-29,19:21,현금,"713,800","28,550"
299-46-1805,B,회원,여성,스포츠/여행,"97,469",6,"584,814",2019-01-15,16:19,현금,"562,320","22,494"
656-95-9349,A,회원,여성,헬스/뷰티,"71,687",7,"501,809",2019-03-11,11:03,신용카드,"482,510","19,299"
765-26-6951,A,비회원,남성,스포츠/여행,"75,514",6,"453,084",2019-01-01,10:39,신용카드,"435,660","17,424"
329-62-1586,A,비회원,남성,식품/음료,"56,857",3,"170,571",2019-01-21,18:00,신용카드,"164,010","6,561"
319-50-3348,B,비회원,여성,홈데코,"41,912",2,"83,824",2019-03-11,15:30,신용카드,"80,600","3,224"
300-71-4605,C,회원,남성,컴퓨터 주변기기,"89,482",5,"447,410",2019-02-25,11:24,신용카드,"430,200","17,210"
371-85-5789,B,비회원,남성,헬스/뷰티,"91,499",3,"274,497",2019-03-05,10:40,신용카드,"263,940","10,557"
273-16-6619,B,비회원,남성,홈데코,"34,528",2,"69,056",2019-03-15,12:20,신용카드,"66,400","2,656"
636-48-8204,A,비회원,남성,컴퓨터 주변기기,"35,942",5,"179,710",2019-02-17,11:15,신용카드,"172,800","6,910"
549-59-1358,A,회원,남성,스포츠/여행,"92,175",3,"276,525",2019-03-02,17:36,신용카드,"265,890","10,635"
227-03-5010,A,회원,여성,홈데코,"54,694",8,"437,552",2019-03-22,19:20,신용카드,"420,720","16,832"
649-29-6775,B,비회원,남성,패션/액세서리,"34,861",1,"34,861",2019-02-08,15:31,현금,"33,520","1,341"
189-17-4241,A,비회원,여성,패션/액세서리,"91,177",2,"182,354",2019-03-10,12:17,신용카드,"175,340","7,014"
145-94-9061,B,비회원,여성,식품/음료,"91,894",5,"459,470",2019-01-25,19:48,현금,"441,800","17,670"
848-62-7243,A,비회원,남성,헬스/뷰티,"25,886",9,"232,974",2019-03-15,15:36,현금,"224,010","8,964"
871-79-8483,B,비회원,남성,패션/액세서리,"97,895",5,"489,475",2019-02-25,19:39,신용카드,"470,650","18,825"
149-71-6266,B,회원,남성,스포츠/여행,"81,193",9,"730,737",2019-01-28,12:43,현금,"702,630","28,107"
640-49-2076,B,비회원,남성,스포츠/여행,"87,131",8,"697,048",2019-01-10,14:49,현금,"670,240","26,808"
595-11-5460,A,비회원,남성,헬스/뷰티,"100,443",2,"200,886",2019-03-15,10:12,신용카드,"193,160","7,726"
183-56-6882,C,회원,여성,식품/음료,"103,397",4,"413,588",2019-02-06,10:42,신용카드,"397,680","15,908"
232-16-2483,C,회원,여성,스포츠/여행,"70,845",1,"70,845",2019-01-07,12:28,신용카드,"68,120","2,725"
129-29-8530,A,회원,남성,스포츠/여행,"65,125",5,"325,625",2019-03-10,19:15,신용카드,"313,100","12,525"
272-65-1806,A,비회원,여성,컴퓨터 주변기기,"63,315",9,"569,835",2019-01-15,17:17,신용카드,"547,920","21,915"
333-73-7901,C,비회원,여성,헬스/뷰티,"57,117",8,"456,936",2019-03-23,13:24,신용카드,"439,360","17,576"
777-82-7220,B,회원,남성,홈데코,"31,325",8,"250,600",2019-03-03,13:01,현금,"240,960","9,640"
280-35-5823,B,회원,여성,홈데코,"90,189",1,"90,189",2019-01-17,18:45,신용카드,"86,720","3,469"
554-53-8700,C,회원,남성,홈데코,"58,354",2,"116,708",2019-02-02,10:11,현금,"112,220","4,488"
354-25-5821,B,회원,여성,스포츠/여행,"71,885",6,"431,310",2019-02-08,13:03,현금,"414,720","16,590"
228-96-1411,C,회원,여성,식품/음료,"102,648",8,"821,184",2019-03-04,20:39,현금,"789,600","31,584"
617-15-4209,C,회원,남성,헬스/뷰티,"15,985",2,"31,970",2019-03-16,19:47,현금,"30,740","1,230"
132-32-9879,B,회원,여성,컴퓨터 주변기기,"97,718",4,"390,872",2019-03-09,18:00,현금,"375,840","15,032"
370-41-7321,B,회원,남성,헬스/뷰티,"58,958",9,"530,622",2019-02-27,17:24,신용카드,"510,210","20,412"
727-46-3608,B,회원,여성,식품/음료,"20,810",9,"187,290",2019-02-06,15:47,신용카드,"180,090","7,200"
669-54-1719,B,회원,남성,컴퓨터 주변기기,"19,687",6,"118,122",2019-02-10,12:45,신용카드,"113,580","4,542"
574-22-5561,C,회원,여성,패션/액세서리,"85,935",10,"859,350",2019-03-19,17:08,신용카드,"826,300","33,050"
326-78-5178,C,회원,남성,식품/음료,"95,056",7,"665,392",2019-02-03,10:19,현금,"639,800","25,592"
162-48-8011,A,회원,여성,식품/음료,"46,374",5,"231,870",2019-02-10,15:10,현금,"222,950","8,920"
616-24-2851,B,회원,여성,패션/액세서리,"18,585",4,"74,340",2019-03-22,14:42,신용카드,"71,480","2,860"
778-71-5554,C,회원,남성,패션/액세서리,"16,047",1,"16,047",2019-01-25,15:46,신용카드,"15,430",617
242-55-6721,B,비회원,남성,홈데코,"16,806",2,"33,612",2019-03-07,11:49,신용카드,"32,320","1,292"
399-46-5918,C,비회원,여성,컴퓨터 주변기기,"89,419",8,"715,352",2019-02-28,19:01,현금,"687,840","27,512"
106-35-6779,A,회원,남성,홈데코,"46,114",2,"92,228",2019-03-27,11:26,현금,"88,680","3,548"
635-40-6220,A,비회원,남성,헬스/뷰티,"93,184",8,"745,472",2019-02-07,11:28,신용카드,"716,800","28,672"
817-48-8732,A,회원,여성,홈데코,"75,244",10,"752,440",2019-01-20,15:55,현금,"723,500","28,940"
120-06-4233,C,비회원,남성,컴퓨터 주변기기,"31,834",6,"191,004",2019-03-12,20:36,현금,"183,660","7,344"
285-68-5083,C,회원,여성,스포츠/여행,"25,730",3,"77,190",2019-02-15,17:47,신용카드,"74,220","2,970"
803-83-5989,C,비회원,남성,홈데코,"57,959",6,"347,754",2019-02-24,10:55,신용카드,"334,380","13,374"
347-34-2234,B,회원,여성,스포츠/여행,"57,273",9,"515,457",2019-02-03,13:40,신용카드,"495,630","19,827"
199-75-8169,A,회원,남성,스포츠/여행,"16,442",10,"164,420",2019-03-06,12:27,신용카드,"158,100","6,320"
853-23-2453,B,회원,남성,헬스/뷰티,"78,770",4,"315,080",2019-02-14,14:35,현금,"302,960","12,120"
877-22-3308,A,회원,남성,헬스/뷰티,"16,505",10,"165,050",2019-03-13,16:40,현금,"158,700","6,350"
838-78-4295,C,비회원,여성,헬스/뷰티,"34,809",2,"69,618",2019-02-10,15:43,신용카드,"66,940","2,678"
109-28-2512,B,회원,여성,패션/액세서리,"101,514",6,"609,084",2019-01-07,15:01,신용카드,"585,660","23,424"
232-11-3025,A,비회원,남성,스포츠/여행,"81,921",10,"819,210",2019-01-24,10:04,현금,"787,700","31,510"
382-03-4532,A,회원,여성,헬스/뷰티,"19,063",1,"19,063",2019-02-02,18:50,현금,"18,330",733
393-65-2792,C,비회원,남성,식품/음료,"93,059",10,"930,590",2019-01-06,12:46,신용카드,"894,800","35,790"
796-12-2025,C,비회원,남성,패션/액세서리,"64,605",10,"646,050",2019-02-11,16:19,현금,"621,200","24,850"
510-95-6347,B,회원,여성,식품/음료,"50,461",3,"151,383",2019-03-05,18:17,신용카드,"145,560","5,823"
841-35-6630,C,비회원,여성,컴퓨터 주변기기,"78,946",6,"473,676",2019-03-09,18:21,현금,"455,460","18,216"
287-21-9091,A,비회원,남성,홈데코,"77,657",9,"698,913",2019-01-22,10:55,신용카드,"672,030","26,883"
732-94-0499,C,비회원,여성,컴퓨터 주변기기,"43,316",10,"433,160",2019-01-13,17:04,신용카드,"416,500","16,660"
263-10-3913,C,회원,남성,패션/액세서리,"51,002",9,"459,018",2019-01-09,14:20,신용카드,"441,360","17,658"
381-20-0914,A,회원,여성,패션/액세서리,"20,810",9,"187,290",2019-01-12,15:48,신용카드,"180,090","7,200"
829-49-1914,C,회원,여성,식품/음료,"81,442",10,"814,420",2019-03-05,16:24,신용카드,"783,100","31,320"
756-01-7507,C,비회원,여성,헬스/뷰티,"21,195",5,"105,975",2019-01-22,18:56,현금,"101,900","4,075"
870-72-4431,C,비회원,여성,헬스/뷰티,"103,158",6,"618,948",2019-01-21,14:42,신용카드,"595,140","23,808"
847-38-7188,B,비회원,여성,식품/음료,"100,547",3,"301,641",2019-01-26,19:56,신용카드,"290,040","11,601"
480-63-2856,C,비회원,남성,식품/음료,"20,020",8,"160,160",2019-01-23,18:37,신용카드,"154,000","6,160"
787-56-0757,C,회원,여성,식품/음료,"83,574",4,"334,296",2019-02-23,18:45,신용카드,"321,440","12,856"
360-39-5055,C,회원,남성,스포츠/여행,"50,866",5,"254,330",2019-03-09,10:17,현금,"244,550","9,780"
730-50-9884,C,비회원,여성,스포츠/여행,"86,382",7,"604,674",2019-03-05,14:31,신용카드,"581,420","23,254"
362-58-8315,C,비회원,남성,패션/액세서리,"79,581",5,"397,905",2019-03-25,10:23,현금,"382,600","15,305"
633-44-8566,A,회원,남성,식품/음료,"51,355",7,"359,485",2019-03-27,20:35,신용카드,"345,660","13,825"
504-35-8843,A,비회원,남성,스포츠/여행,"44,169",1,"44,169",2019-01-02,16:57,현금,"42,470","1,699"
318-68-5053,B,비회원,여성,헬스/뷰티,"80,070",6,"480,420",2019-02-27,17:55,현금,"461,940","18,480"
565-80-5980,C,회원,여성,홈데코,"49,275",4,"197,100",2019-01-23,10:25,현금,"189,520","7,580"
225-32-0908,C,비회원,여성,스포츠/여행,"46,654",10,"466,540",2019-01-26,19:54,신용카드,"448,600","17,940"
873-51-0671,A,회원,여성,스포츠/여행,"22,859",7,"160,013",2019-01-10,16:42,신용카드,"153,860","6,153"
152-08-9985,B,회원,남성,헬스/뷰티,"66,934",9,"602,406",2019-03-12,12:09,신용카드,"579,240","23,166"
512-91-0811,C,비회원,남성,헬스/뷰티,"93,340",1,"93,340",2019-02-06,20:05,신용카드,"89,750","3,590"
594-34-4444,A,비회원,남성,컴퓨터 주변기기,"101,046",1,"101,046",2019-03-08,20:38,신용카드,"97,160","3,886"
766-85-7061,B,비회원,남성,헬스/뷰티,"91,385",10,"913,850",2019-03-29,10:25,신용카드,"878,700","35,150"
871-39-9221,C,비회원,여성,컴퓨터 주변기기,"12,948",6,"77,688",2019-02-09,13:11,현금,"74,700","2,988"
865-92-6136,A,비회원,남성,식품/음료,"54,860",3,"164,580",2019-03-23,10:16,신용카드,"158,250","6,330"
733-01-9107,B,비회원,남성,홈데코,"86,008",6,"516,048",2019-03-05,18:14,현금,"496,200","19,848"
163-56-7055,C,회원,남성,패션/액세서리,"50,658",1,"50,658",2019-03-26,19:20,현금,"48,710","1,948"
189-98-2939,C,비회원,남성,패션/액세서리,"81,692",9,"735,228",2019-03-01,13:22,현금,"706,950","28,278"
551-21-3069,C,비회원,여성,컴퓨터 주변기기,"23,993",9,"215,937",2019-02-01,11:27,현금,"207,630","8,307"
212-62-1842,A,비회원,남성,식품/음료,"60,590",6,"363,540",2019-03-28,16:44,현금,"349,560","13,980"
716-39-1409,B,비회원,남성,헬스/뷰티,"31,564",7,"220,948",2019-03-19,18:19,현금,"212,450","8,498"
704-48-3927,A,회원,남성,컴퓨터 주변기기,"92,217",10,"922,170",2019-01-12,14:50,신용카드,"886,700","35,470"
628-34-3388,C,비회원,남성,패션/액세서리,"28,475",6,"170,850",2019-01-05,20:54,신용카드,"164,280","6,570"
630-74-5166,A,비회원,남성,스포츠/여행,"64,615",6,"387,690",2019-03-22,20:19,현금,"372,780","14,910"
588-01-7461,C,비회원,여성,식품/음료,"35,339",9,"318,051",2019-03-24,10:43,현금,"305,820","12,231"
861-77-0145,C,회원,남성,컴퓨터 주변기기,"85,249",10,"852,490",2019-03-03,14:30,현금,"819,700","32,790"
479-26-8945,B,회원,여성,스포츠/여행,"17,150",2,"34,300",2019-02-05,11:32,신용카드,"32,980","1,320"
210-67-5886,C,회원,여성,헬스/뷰티,"102,138",3,"306,414",2019-02-05,10:41,신용카드,"294,630","11,784"
227-78-1148,B,비회원,여성,패션/액세서리,"75,754",7,"530,278",2019-02-15,12:44,현금,"509,880","20,398"
645-44-1170,A,회원,남성,홈데코,"60,393",9,"543,537",2019-01-19,20:07,신용카드,"522,630","20,907"
237-01-6122,C,회원,여성,홈데코,"84,022",9,"756,198",2019-02-01,20:31,신용카드,"727,110","29,088"
225-98-1496,C,비회원,여성,패션/액세서리,"28,101",3,"84,303",2019-03-02,13:01,신용카드,"81,060","3,243"
291-32-1427,B,회원,남성,패션/액세서리,"22,818",5,"114,090",2019-03-05,12:29,신용카드,"109,700","4,390"
659-65-8956,B,회원,남성,패션/액세서리,"53,414",1,"53,414",2019-01-16,15:26,신용카드,"51,360","2,054"
642-32-2990,A,비회원,여성,식품/음료,"11,398",10,"113,980",2019-02-02,20:48,신용카드,"109,600","4,380"
378-24-2715,B,비회원,남성,홈데코,"55,578",2,"111,156",2019-01-20,20:38,신용카드,"106,880","4,276"
638-60-7125,A,비회원,여성,컴퓨터 주변기기,"103,542",8,"828,336",2019-02-14,17:03,신용카드,"796,480","31,856"
659-36-1684,C,회원,남성,스포츠/여행,"59,405",7,"415,835",2019-01-12,12:02,신용카드,"399,840","15,995"
219-22-9386,B,회원,남성,스포츠/여행,"103,958",9,"935,622",2019-03-09,17:26,신용카드,"899,640","35,982"
336-78-2147,C,회원,남성,홈데코,"66,466",8,"531,728",2019-03-13,19:52,신용카드,"511,280","20,448"
268-27-6179,B,회원,여성,패션/액세서리,"58,729",8,"469,832",2019-03-09,14:57,신용카드,"451,760","18,072"
668-90-8900,A,비회원,여성,홈데코,"97,438",7,"682,066",2019-03-10,18:44,신용카드,"655,830","26,236"
870-54-3162,A,비회원,여성,스포츠/여행,"33,540",5,"167,700",2019-01-27,13:26,현금,"161,250","6,450"
189-08-9157,C,비회원,여성,패션/액세서리,"32,999",9,"296,991",2019-01-08,16:17,신용카드,"285,570","11,421"
663-86-9076,C,회원,여성,식품/음료,"71,282",8,"570,256",2019-01-08,15:57,신용카드,"548,320","21,936"
549-84-7482,B,비회원,여성,스포츠/여행,"93,891",9,"845,019",2019-02-08,11:15,신용카드,"812,520","32,499"
191-10-6171,B,비회원,여성,패션/액세서리,"41,205",7,"288,435",2019-01-25,13:18,현금,"277,340","11,095"
802-70-5316,A,회원,여성,스포츠/여행,"95,815",6,"574,890",2019-03-06,20:34,현금,"552,780","22,110"
695-51-0018,B,비회원,여성,스포츠/여행,"36,234",4,"144,936",2019-02-10,18:36,현금,"139,360","5,576"
590-83-4591,B,회원,남성,컴퓨터 주변기기,"90,948",6,"545,688",2019-02-17,14:40,신용카드,"524,700","20,988"
483-71-1164,C,비회원,여성,헬스/뷰티,"84,552",6,"507,312",2019-03-08,16:43,신용카드,"487,800","19,512"
597-78-7908,C,비회원,남성,패션/액세서리,"93,829",3,"281,487",2019-02-18,19:39,현금,"270,660","10,827"
700-81-1757,A,비회원,여성,컴퓨터 주변기기,"27,362",5,"136,810",2019-01-18,20:59,신용카드,"131,550","5,260"
354-39-5160,A,회원,여성,홈데코,"35,797",6,"214,782",2019-02-18,15:39,현금,"206,520","8,262"
241-72-9525,B,비회원,남성,스포츠/여행,"53,986",10,"539,860",2019-02-16,12:21,현금,"519,100","20,760"
575-30-8091,A,비회원,남성,스포츠/여행,"75,400",8,"603,200",2019-03-16,19:25,신용카드,"580,000","23,200"
731-81-9469,C,회원,여성,스포츠/여행,"93,392",10,"933,920",2019-01-23,13:00,신용카드,"898,000","35,920"
280-17-4359,C,회원,남성,헬스/뷰티,"94,120",10,"941,200",2019-01-25,13:48,현금,"905,000","36,200"
338-65-2210,C,회원,여성,헬스/뷰티,"71,344",10,"713,440",2019-02-05,19:57,현금,"686,000","27,440"
488-25-4221,C,회원,여성,식품/음료,"31,626",1,"31,626",2019-02-22,10:36,신용카드,"30,410","1,216"
239-10-7476,A,비회원,여성,홈데코,"81,068",6,"486,408",2019-01-21,16:37,신용카드,"467,700","18,708"
458-41-1477,C,비회원,여성,헬스/뷰티,"48,110",6,"288,660",2019-03-08,17:11,신용카드,"277,560","11,100"
685-64-1609,A,회원,여성,패션/액세서리,"31,346",10,"313,460",2019-02-10,12:28,신용카드,"301,400","12,060"
568-90-5112,C,비회원,남성,헬스/뷰티,"68,786",4,"275,144",2019-03-19,12:46,신용카드,"264,560","10,584"
262-47-2794,B,회원,남성,홈데코,"74,734",8,"597,872",2019-03-06,15:07,신용카드,"574,880","22,992"
238-49-0436,A,비회원,남성,헬스/뷰티,"33,758",8,"270,064",2019-03-27,13:48,신용카드,"259,680","10,384"
608-96-3517,B,회원,여성,패션/액세서리,"95,202",4,"380,808",2019-03-23,19:20,신용카드,"366,160","14,648"
584-86-7256,C,회원,남성,스포츠/여행,"35,942",7,"251,594",2019-03-11,16:07,신용카드,"241,920","9,674"
746-94-0204,A,비회원,남성,패션/액세서리,"86,570",9,"779,130",2019-01-29,11:56,신용카드,"749,160","29,970"
214-17-6927,C,비회원,여성,식품/음료,"17,139",6,"102,834",2019-02-07,18:23,신용카드,"98,880","3,954"
400-89-4171,C,비회원,여성,스포츠/여행,"84,209",8,"673,672",2019-01-28,13:05,현금,"647,760","25,912"
782-95-9291,A,회원,남성,식품/음료,"95,982",5,"479,910",2019-02-20,15:55,신용카드,"461,450","18,460"
279-74-2924,B,회원,남성,컴퓨터 주변기기,"75,057",1,"75,057",2019-01-04,19:40,현금,"72,170","2,887"
307-85-2293,B,비회원,남성,홈데코,"52,291",5,"261,455",2019-03-07,13:58,신용카드,"251,400","10,055"
743-04-1105,B,회원,남성,헬스/뷰티,"101,109",9,"909,981",2019-03-30,14:43,신용카드,"874,980","35,001"
423-57-2993,B,비회원,남성,스포츠/여행,"97,126",6,"582,756",2019-03-27,19:18,신용카드,"560,340","22,416"
894-41-5205,C,비회원,여성,식품/음료,"44,907",8,"359,256",2019-01-19,19:39,신용카드,"345,440","13,816"
275-28-0149,A,비회원,남성,스포츠/여행,"66,238",1,"66,238",2019-02-25,16:21,현금,"63,690","2,548"
101-17-6199,A,비회원,남성,식품/음료,"47,622",7,"333,354",2019-03-13,19:44,신용카드,"320,530","12,824"
423-80-0988,C,비회원,남성,스포츠/여행,"79,456",2,"158,912",2019-01-30,19:42,신용카드,"152,800","6,112"
548-46-9322,B,비회원,남성,식품/음료,"41,496",10,"414,960",2019-02-20,15:24,신용카드,"399,000","15,960"
505-02-0892,B,회원,남성,헬스/뷰티,"44,273",8,"354,184",2019-02-25,14:12,신용카드,"340,560","13,624"
234-65-2137,C,비회원,남성,홈데코,"99,403",10,"994,030",2019-01-16,13:32,현금,"955,800","38,230"
687-47-8271,A,비회원,남성,패션/액세서리,"102,939",10,"1,029,390",2019-02-08,16:20,신용카드,"989,800","39,590"
796-32-9050,A,비회원,남성,식품/음료,"53,331",6,"319,986",2019-01-19,16:31,현금,"307,680","12,306"
105-31-1824,A,회원,남성,스포츠/여행,"72,301",7,"506,107",2019-02-01,15:10,신용카드,"486,640","19,467"
249-42-3782,A,비회원,남성,헬스/뷰티,"72,810",5,"364,050",2019-01-03,11:36,신용카드,"350,050","14,000"
316-55-4634,B,회원,남성,식품/음료,"83,252",5,"416,260",2019-01-26,12:45,신용카드,"400,250","16,010"
733-33-4967,C,비회원,남성,컴퓨터 주변기기,"21,684",8,"173,472",2019-03-03,19:17,현금,"166,800","6,672"
608-27-6295,B,회원,남성,컴퓨터 주변기기,"55,006",6,"330,036",2019-01-19,17:34,신용카드,"317,340","12,696"
414-12-7047,B,비회원,남성,식품/음료,"20,582",8,"164,656",2019-01-18,12:04,신용카드,"158,320","6,336"
827-26-2100,A,회원,남성,홈데코,"35,194",9,"316,746",2019-03-21,16:21,신용카드,"304,560","12,186"
175-54-2529,A,회원,남성,식품/음료,"23,057",8,"184,456",2019-03-03,17:01,신용카드,"177,360","7,096"
139-52-2867,C,비회원,여성,패션/액세서리,"23,410",7,"163,870",2019-02-13,10:50,신용카드,"157,570","6,300"
407-63-8975,A,비회원,남성,식품/음료,"76,835",6,"461,010",2019-03-23,19:16,신용카드,"443,280","17,730"
342-65-4817,C,회원,남성,헬스/뷰티,"90,272",3,"270,816",2019-01-28,16:47,신용카드,"260,400","10,416"
130-98-8941,C,비회원,남성,패션/액세서리,"66,830",7,"467,810",2019-02-09,10:00,현금,"449,820","17,990"
434-83-9547,C,회원,남성,식품/음료,"40,009",8,"320,072",2019-01-23,11:51,현금,"307,760","12,312"
851-28-6367,A,회원,남성,스포츠/여행,"16,120",10,"161,200",2019-03-23,10:55,신용카드,"155,000","6,200"
824-88-3614,C,비회원,남성,헬스/뷰티,"35,682",8,"285,456",2019-01-25,15:00,신용카드,"274,480","10,976"
586-25-0848,A,비회원,여성,스포츠/여행,"12,834",7,"89,838",2019-03-04,11:19,신용카드,"86,380","3,458"
895-66-0685,B,회원,남성,식품/음료,"18,803",3,"56,409",2019-03-05,19:46,신용카드,"54,240","2,169"
305-14-0245,B,회원,여성,홈데코,"98,270",8,"786,160",2019-03-03,19:00,신용카드,"755,920","30,240"
732-04-5373,B,회원,남성,홈데코,"48,329",4,"193,316",2019-02-08,10:53,현금,"185,880","7,436"
400-60-7251,A,비회원,남성,홈데코,"77,033",1,"77,033",2019-02-10,12:50,신용카드,"74,070","2,963"
593-65-1552,C,비회원,여성,홈데코,"72,602",4,"290,408",2019-01-28,20:50,신용카드,"279,240","11,168"
284-34-9626,B,비회원,여성,홈데코,"80,122",3,"240,366",2019-02-11,10:39,신용카드,"231,120","9,246"
437-58-8131,B,비회원,여성,패션/액세서리,"76,461",2,"152,922",2019-01-15,13:41,신용카드,"147,040","5,882"
286-43-6208,C,비회원,여성,식품/음료,"91,312",9,"821,808",2019-03-16,19:08,현금,"790,200","31,608"
641-43-2399,B,비회원,남성,홈데코,"26,572",4,"106,288",2019-01-26,20:23,신용카드,"102,200","4,088"
831-07-6050,A,비회원,남성,컴퓨터 주변기기,"34,018",5,"170,090",2019-03-19,11:30,신용카드,"163,550","6,540"
556-86-3144,C,회원,여성,패션/액세서리,"77,262",1,"77,262",2019-01-13,19:30,현금,"74,290","2,972"
848-24-9445,C,회원,남성,헬스/뷰티,"45,448",2,"90,896",2019-03-26,18:03,현금,"87,400","3,496"
856-22-8149,A,비회원,여성,홈데코,"26,302",1,"26,302",2019-03-23,10:13,신용카드,"25,290","1,012"
699-01-4164,C,비회원,남성,헬스/뷰티,"43,160",4,"172,640",2019-03-12,19:58,신용카드,"166,000","6,640"
420-11-4919,C,회원,여성,식품/음료,"74,246",5,"371,230",2019-02-17,19:57,신용카드,"356,950","14,280"
606-80-4905,C,회원,여성,스포츠/여행,"19,916",6,"119,496",2019-01-29,10:01,신용카드,"114,900","4,596"
542-41-0513,B,회원,여성,컴퓨터 주변기기,"59,790",4,"239,160",2019-03-15,11:57,현금,"229,960","9,200"
426-39-2418,C,비회원,남성,컴퓨터 주변기기,"63,866",7,"447,062",2019-01-14,10:02,현금,"429,870","17,192"
875-46-5808,B,회원,남성,헬스/뷰티,"26,936",10,"269,360",2019-02-06,14:51,신용카드,"259,000","10,360"
394-43-4238,B,회원,남성,홈데코,"18,481",5,"92,405",2019-02-15,12:42,신용카드,"88,850","3,555"
749-24-1565,A,비회원,여성,헬스/뷰티,"23,951",9,"215,559",2019-01-03,12:02,신용카드,"207,270","8,289"
672-51-8681,C,회원,여성,컴퓨터 주변기기,"69,316",9,"623,844",2019-01-04,18:19,신용카드,"599,850","23,994"
263-87-5680,C,회원,여성,홈데코,"29,671",10,"296,710",2019-03-18,17:38,신용카드,"285,300","11,410"
573-58-9734,B,비회원,여성,패션/액세서리,"31,585",3,"94,755",2019-03-28,13:41,신용카드,"91,110","3,645"
817-69-8206,B,비회원,여성,컴퓨터 주변기기,"103,719",9,"933,471",2019-03-02,19:42,신용카드,"897,570","35,901"
888-02-0338,A,비회원,남성,컴퓨터 주변기기,"27,279",9,"245,511",2019-01-25,20:24,신용카드,"236,070","9,441"
677-11-0152,C,비회원,여성,식품/음료,"96,990",9,"872,910",2019-01-16,18:08,현금,"839,340","33,570"
142-63-6033,B,비회원,남성,홈데코,"96,054",5,"480,270",2019-03-20,19:17,신용카드,"461,800","18,470"
656-16-1063,B,비회원,남성,스포츠/여행,"48,277",3,"144,831",2019-01-04,13:24,신용카드,"139,260","5,571"
891-58-8335,B,회원,여성,스포츠/여행,"30,794",7,"215,558",2019-03-11,15:53,현금,"207,270","8,288"
802-43-8934,A,비회원,남성,홈데코,"19,011",1,"19,011",2019-03-22,15:05,신용카드,"18,280",731
560-30-5617,B,비회원,여성,스포츠/여행,"25,761",5,"128,805",2019-03-24,18:27,현금,"123,850","4,955"
319-74-2561,A,회원,여성,컴퓨터 주변기기,"98,426",3,"295,278",2019-02-21,16:55,현금,"283,920","11,358"
549-03-9315,B,비회원,남성,패션/액세서리,"98,665",8,"789,320",2019-02-12,12:58,신용카드,"758,960","30,360"
790-29-1172,B,비회원,여성,식품/음료,"59,634",3,"178,902",2019-03-10,18:59,신용카드,"172,020","6,882"
239-36-3640,B,비회원,남성,컴퓨터 주변기기,"47,164",6,"282,984",2019-01-31,13:44,신용카드,"272,100","10,884"
468-01-2051,B,비회원,남성,식품/음료,"64,563",7,"451,941",2019-03-06,13:46,신용카드,"434,560","17,381"
389-25-3394,C,비회원,남성,컴퓨터 주변기기,"12,282",5,"61,410",2019-02-17,18:06,현금,"59,050","2,360"
279-62-1445,C,회원,여성,패션/액세서리,"13,042",1,"13,042",2019-02-21,12:38,현금,"12,540",502
213-72-6612,A,비회원,남성,식품/음료,"44,980",2,"89,960",2019-03-20,15:56,현금,"86,500","3,460"
746-68-6593,C,회원,여성,스포츠/여행,"90,646",2,"181,292",2019-01-11,14:29,신용카드,"174,320","6,972"
836-82-5858,B,회원,남성,헬스/뷰티,"72,145",9,"649,305",2019-01-26,19:14,신용카드,"624,330","24,975"
583-72-1480,C,회원,남성,컴퓨터 주변기기,"38,542",4,"154,168",2019-01-31,16:24,신용카드,"148,240","5,928"
466-61-5506,B,회원,여성,컴퓨터 주변기기,"94,328",6,"565,968",2019-02-26,10:52,현금,"544,200","21,768"
721-86-6247,A,비회원,여성,홈데코,"65,957",8,"527,656",2019-03-11,12:55,신용카드,"507,360","20,296"
289-65-5721,B,비회원,여성,패션/액세서리,"84,625",2,"169,250",2019-01-26,19:28,현금,"162,740","6,510"
545-46-3100,B,회원,여성,컴퓨터 주변기기,"11,014",3,"33,042",2019-03-12,13:52,신용카드,"31,770","1,272"
418-02-5978,B,비회원,여성,헬스/뷰티,"87,454",9,"787,086",2019-02-11,10:54,현금,"756,810","30,276"
269-04-5750,B,회원,남성,패션/액세서리,"76,773",4,"307,092",2019-02-21,18:31,현금,"295,280","11,812"
157-13-5295,A,회원,남성,헬스/뷰티,"54,018",10,"540,180",2019-03-09,18:24,신용카드,"519,400","20,780"
645-78-8093,A,비회원,여성,스포츠/여행,"96,866",2,"193,732",2019-01-20,18:09,신용카드,"186,280","7,452"
211-30-9270,C,비회원,남성,헬스/뷰티,"18,106",5,"90,530",2019-01-28,15:16,신용카드,"87,050","3,480"
755-12-3214,C,회원,여성,패션/액세서리,"45,989",5,"229,945",2019-03-05,17:07,신용카드,"221,100","8,845"
346-84-3103,B,회원,여성,컴퓨터 주변기기,"13,749",5,"68,745",2019-03-02,19:26,현금,"66,100","2,645"
478-06-7835,A,비회원,남성,패션/액세서리,"93,278",1,"93,278",2019-01-11,11:20,신용카드,"89,690","3,588"
540-11-4336,A,비회원,남성,식품/음료,"25,938",9,"233,442",2019-01-11,16:49,신용카드,"224,460","8,982"
448-81-5016,A,비회원,남성,헬스/뷰티,"62,161",2,"124,322",2019-03-11,12:01,신용카드,"119,540","4,782"
142-72-4741,C,회원,남성,패션/액세서리,"96,928",2,"193,856",2019-02-28,18:37,신용카드,"186,400","7,456"
217-58-1179,A,회원,남성,홈데코,"65,156",4,"260,624",2019-01-05,11:25,현금,"250,600","10,024"
376-02-8238,B,비회원,남성,홈데코,"97,625",8,"781,000",2019-02-02,18:42,신용카드,"750,960","30,040"
530-90-9855,A,회원,남성,홈데코,"49,494",8,"395,952",2019-01-01,14:47,현금,"380,720","15,232"
866-05-7563,B,회원,여성,컴퓨터 주변기기,"84,656",3,"253,968",2019-02-09,19:43,현금,"244,200","9,768"
604-70-6476,A,회원,남성,패션/액세서리,"18,658",5,"93,290",2019-01-23,14:04,신용카드,"89,700","3,590"
799-71-1548,A,회원,남성,컴퓨터 주변기기,"80,829",4,"323,316",2019-01-07,16:11,신용카드,"310,880","12,436"
785-13-7708,B,비회원,남성,식품/음료,"75,982",7,"531,874",2019-01-14,19:06,신용카드,"511,420","20,454"
845-51-0542,B,회원,남성,식품/음료,"48,412",9,"435,708",2019-02-02,15:34,신용카드,"418,950","16,758"
662-47-5456,C,회원,남성,패션/액세서리,"36,598",10,"365,980",2019-03-17,19:06,신용카드,"351,900","14,080"
883-17-4236,C,비회원,여성,스포츠/여행,"14,966",2,"29,932",2019-03-02,19:44,신용카드,"28,780","1,152"
290-68-2984,A,비회원,남성,홈데코,"24,700",4,"98,800",2019-03-16,11:22,현금,"95,000","3,800"
704-11-6354,A,회원,남성,홈데코,"61,256",8,"490,048",2019-01-06,11:23,현금,"471,200","18,848"
110-48-7033,B,회원,남성,패션/액세서리,"33,925",4,"135,700",2019-01-29,14:12,현금,"130,480","5,220"
366-93-0948,A,회원,남성,컴퓨터 주변기기,"69,004",1,"69,004",2019-01-31,10:46,신용카드,"66,350","2,654"
729-09-9681,A,회원,남성,홈데코,"26,946",6,"161,676",2019-02-05,10:16,신용카드,"155,460","6,216"
151-16-1484,A,회원,남성,컴퓨터 주변기기,"33,540",4,"134,160",2019-02-13,12:38,신용카드,"129,000","5,160"
380-94-4661,C,회원,남성,컴퓨터 주변기기,"68,578",4,"274,312",2019-02-07,13:05,신용카드,"263,760","10,552"
850-41-9669,A,비회원,여성,컴퓨터 주변기기,"78,062",9,"702,558",2019-03-19,13:25,신용카드,"675,540","27,018"
821-07-3596,C,비회원,여성,패션/액세서리,"17,108",4,"68,432",2019-03-07,14:53,신용카드,"65,800","2,632"
655-85-5130,B,회원,여성,패션/액세서리,"39,832",4,"159,328",2019-03-13,19:22,현금,"153,200","6,128"
447-15-7839,A,회원,여성,스포츠/여행,"23,130",10,"231,300",2019-02-09,11:00,현금,"222,400","8,900"
154-74-7179,B,비회원,남성,스포츠/여행,"56,628",1,"56,628",2019-02-26,19:24,신용카드,"54,450","2,178"
253-12-6086,A,회원,여성,스포츠/여행,"102,336",7,"716,352",2019-03-12,12:43,신용카드,"688,800","27,552"
808-65-0703,C,비회원,남성,홈데코,"36,889",4,"147,556",2019-03-14,17:22,신용카드,"141,880","5,676"
571-94-0759,B,회원,여성,식품/음료,"77,584",10,"775,840",2019-01-08,20:55,현금,"746,000","29,840"
144-51-6085,A,회원,남성,홈데코,"73,570",4,"294,280",2019-01-05,16:05,신용카드,"282,960","11,320"
731-14-2199,A,회원,여성,홈데코,"36,962",10,"369,620",2019-01-04,13:34,신용카드,"355,400","14,220"
783-09-1637,B,비회원,여성,스포츠/여행,"70,127",5,"350,635",2019-03-06,18:13,신용카드,"337,150","13,485"
687-15-1097,C,회원,여성,헬스/뷰티,"21,965",2,"43,930",2019-01-03,19:17,현금,"42,240","1,690"
126-54-1082,A,회원,여성,홈데코,"22,402",9,"201,618",2019-01-07,11:44,신용카드,"193,860","7,758"
633-91-1052,A,비회원,여성,홈데코,"12,511",2,"25,022",2019-01-27,15:51,현금,"24,060",962
477-24-6490,B,비회원,여성,헬스/뷰티,"103,698",6,"622,188",2019-02-26,16:52,신용카드,"598,260","23,928"
566-19-5475,B,비회원,남성,패션/액세서리,"49,889",7,"349,223",2019-01-07,20:52,현금,"335,790","13,433"
526-86-8552,C,회원,여성,홈데코,"22,693",10,"226,930",2019-01-07,17:36,현금,"218,200","8,730"
376-56-3573,C,비회원,여성,패션/액세서리,"99,237",4,"396,948",2019-02-02,13:23,신용카드,"381,680","15,268"
537-72-0426,C,회원,남성,패션/액세서리,"73,830",10,"738,300",2019-03-20,16:28,현금,"709,900","28,400"
828-61-5674,A,회원,남성,스포츠/여행,"45,781",10,"457,810",2019-03-20,19:57,신용카드,"440,200","17,610"
136-08-6195,A,비회원,여성,홈데코,"72,758",8,"582,064",2019-02-15,17:01,신용카드,"559,680","22,384"
523-38-0215,C,비회원,남성,홈데코,"38,480",1,"38,480",2019-03-06,13:29,신용카드,"37,000","1,480"
490-29-1201,A,비회원,여성,스포츠/여행,"15,954",1,"15,954",2019-01-06,11:09,현금,"15,340",614
667-92-0055,A,회원,남성,헬스/뷰티,"103,823",6,"622,938",2019-03-04,15:02,신용카드,"598,980","23,958"
565-17-3836,A,회원,여성,헬스/뷰티,"49,577",4,"198,308",2019-03-12,14:21,현금,"190,680","7,628"
498-41-1961,B,비회원,남성,헬스/뷰티,"69,347",5,"346,735",2019-02-20,18:01,현금,"333,400","13,335"
593-95-4461,C,회원,남성,홈데코,"77,854",1,"77,854",2019-03-24,14:49,현금,"74,860","2,994"
226-71-3580,C,비회원,여성,스포츠/여행,"24,700",9,"222,300",2019-01-31,12:02,현금,"213,750","8,550"
283-79-9594,B,비회원,여성,식품/음료,"50,450",7,"353,150",2019-01-25,13:30,신용카드,"339,570","13,580"
430-60-3493,A,회원,여성,홈데코,"98,675",7,"690,725",2019-02-03,14:38,현금,"664,160","26,565"
139-20-0155,B,회원,남성,컴퓨터 주변기기,"41,912",10,"419,120",2019-01-24,17:37,신용카드,"403,000","16,120"
558-80-4082,C,비회원,남성,컴퓨터 주변기기,"28,964",7,"202,748",2019-03-14,17:20,신용카드,"194,950","7,798"
278-97-7759,A,회원,여성,컴퓨터 주변기기,"64,979",1,"64,979",2019-02-18,20:29,현금,"62,480","2,499"
316-68-6352,A,회원,여성,식품/음료,"37,814",2,"75,628",2019-01-21,10:00,현금,"72,720","2,908"
585-03-5943,B,비회원,남성,헬스/뷰티,"18,834",10,"188,340",2019-03-13,11:46,신용카드,"181,100","7,240"
211-05-0490,C,회원,여성,컴퓨터 주변기기,"53,997",5,"269,985",2019-03-03,13:42,현금,"259,600","10,385"
727-75-6477,C,비회원,남성,컴퓨터 주변기기,"29,994",4,"119,976",2019-03-29,14:44,현금,"115,360","4,616"
744-02-5987,A,회원,남성,홈데코,"81,515",6,"489,090",2019-01-10,14:16,신용카드,"470,280","18,810"
307-83-9164,A,회원,남성,홈데코,"62,410",4,"249,640",2019-01-25,15:54,현금,"240,040","9,600"
779-06-0012,C,회원,여성,홈데코,"92,154",1,"92,154",2019-01-19,10:21,현금,"88,610","3,544"
446-47-6729,C,비회원,남성,패션/액세서리,"103,813",2,"207,626",2019-01-02,18:09,신용카드,"199,640","7,986"
573-10-3877,B,회원,남성,헬스/뷰티,"40,570",1,"40,570",2019-03-12,16:46,신용카드,"39,010","1,560"
735-06-4124,C,비회원,남성,식품/음료,"50,554",1,"50,554",2019-02-25,15:31,현금,"48,610","1,944"
439-54-7422,A,비회원,여성,컴퓨터 주변기기,"53,238",4,"212,952",2019-03-18,17:15,신용카드,"204,760","8,192"
396-90-2219,B,비회원,여성,컴퓨터 주변기기,"15,558",8,"124,464",2019-02-23,12:29,현금,"119,680","4,784"
411-77-0180,A,회원,남성,컴퓨터 주변기기,"75,088",7,"525,616",2019-03-26,20:14,신용카드,"505,400","20,216"
286-01-5402,A,비회원,여성,스포츠/여행,"41,839",7,"292,873",2019-03-30,13:22,현금,"281,610","11,263"
803-17-8013,A,회원,여성,홈데코,"92,342",8,"738,736",2019-02-17,17:09,현금,"710,320","28,416"
512-98-1403,A,회원,여성,컴퓨터 주변기기,"27,539",3,"82,617",2019-03-21,10:40,신용카드,"79,440","3,177"
848-42-2560,A,비회원,여성,패션/액세서리,"85,186",2,"170,372",2019-03-05,17:43,현금,"163,820","6,552"
532-59-7201,B,회원,남성,스포츠/여행,"83,127",6,"498,762",2019-01-31,14:04,현금,"479,580","19,182"
181-94-6432,C,회원,남성,패션/액세서리,"72,103",2,"144,206",2019-02-05,19:05,신용카드,"138,660","5,546"
870-76-1733,A,회원,여성,식품/음료,"14,799",5,"73,995",2019-02-01,10:08,신용카드,"71,150","2,845"
423-64-4619,A,회원,여성,헬스/뷰티,"16,172",9,"145,548",2019-03-07,13:12,현금,"139,950","5,598"
227-07-4446,C,회원,여성,컴퓨터 주변기기,"81,255",10,"812,550",2019-02-10,20:51,현금,"781,300","31,250"
174-36-3675,C,회원,남성,식품/음료,"103,345",2,"206,690",2019-02-14,17:29,현금,"198,740","7,950"
428-83-5800,C,회원,여성,식품/음료,"21,923",3,"65,769",2019-02-09,10:25,현금,"63,240","2,529"
603-07-0961,C,회원,남성,컴퓨터 주변기기,"77,782",5,"388,910",2019-01-10,11:34,현금,"373,950","14,960"
704-20-4138,C,회원,여성,헬스/뷰티,"30,857",7,"215,999",2019-03-11,18:58,신용카드,"207,690","8,309"
787-15-1757,C,회원,남성,헬스/뷰티,"45,833",4,"183,332",2019-02-18,16:28,신용카드,"176,280","7,052"
649-11-3678,C,비회원,여성,식품/음료,"23,847",9,"214,623",2019-02-26,20:26,현금,"206,370","8,253"
622-20-1945,C,비회원,여성,헬스/뷰티,"40,997",1,"40,997",2019-01-18,15:08,현금,"39,420","1,577"
372-94-8041,A,비회원,남성,헬스/뷰티,"15,870",6,"95,220",2019-02-15,18:03,신용카드,"91,560","3,660"
563-91-7120,A,비회원,여성,패션/액세서리,"64,241",5,"321,205",2019-03-08,13:21,현금,"308,850","12,355"
746-54-5508,A,비회원,남성,홈데코,"22,381",6,"134,286",2019-01-17,12:48,신용카드,"129,120","5,166"
276-54-0879,B,비회원,남성,스포츠/여행,"101,650",4,"406,600",2019-03-12,19:53,신용카드,"390,960","15,640"
815-11-1168,A,회원,남성,식품/음료,"103,771",5,"518,855",2019-03-09,19:09,현금,"498,900","19,955"
719-76-3868,C,회원,남성,식품/음료,"98,030",4,"392,120",2019-03-12,16:30,현금,"377,040","15,080"
730-61-8757,B,회원,남성,헬스/뷰티,"53,175",4,"212,700",2019-01-25,10:11,신용카드,"204,520","8,180"
340-66-0321,A,회원,남성,컴퓨터 주변기기,"37,814",4,"151,256",2019-03-25,13:07,현금,"145,440","5,816"
868-81-1752,B,비회원,남성,홈데코,"22,901",9,"206,109",2019-02-07,18:48,현금,"198,180","7,929"
634-97-8956,A,비회원,남성,식품/음료,"34,216",3,"102,648",2019-02-17,17:27,신용카드,"98,700","3,948"
566-71-1091,A,비회원,남성,패션/액세서리,"80,101",5,"400,505",2019-02-03,15:59,현금,"385,100","15,405"
442-48-3607,A,회원,남성,식품/음료,"24,419",2,"48,838",2019-03-14,11:21,신용카드,"46,960","1,878"
835-16-0096,C,회원,남성,스포츠/여행,"15,288",5,"76,440",2019-03-24,13:48,신용카드,"73,500","2,940"
527-09-6272,A,회원,여성,컴퓨터 주변기기,"29,588",5,"147,940",2019-03-21,10:17,신용카드,"142,250","5,690"
898-04-2717,A,비회원,남성,패션/액세서리,"79,456",9,"715,104",2019-03-19,15:49,신용카드,"687,600","27,504"
692-27-8933,B,비회원,여성,스포츠/여행,"60,268",6,"361,608",2019-02-24,13:02,현금,"347,700","13,908"
633-09-3463,C,비회원,여성,컴퓨터 주변기기,"49,556",3,"148,668",2019-03-28,12:58,신용카드,"142,950","5,718"
374-17-3652,B,회원,여성,식품/음료,"44,533",9,"400,797",2019-02-05,15:26,신용카드,"385,380","15,417"
378-07-7001,B,회원,남성,컴퓨터 주변기기,"50,014",3,"150,042",2019-02-10,18:23,신용카드,"144,270","5,772"
433-75-6987,B,회원,여성,헬스/뷰티,"58,209",7,"407,463",2019-03-05,19:06,신용카드,"391,790","15,673"
873-95-4984,B,회원,여성,헬스/뷰티,"79,976",7,"559,832",2019-02-15,20:21,현금,"538,300","21,532"
416-13-5917,C,비회원,여성,식품/음료,"100,911",5,"504,555",2019-01-30,16:24,신용카드,"485,150","19,405"
150-89-8043,A,비회원,남성,스포츠/여행,"46,436",3,"139,308",2019-02-14,15:04,현금,"133,950","5,358"
135-84-8019,A,비회원,여성,패션/액세서리,"81,047",9,"729,423",2019-02-27,16:10,신용카드,"701,370","28,053"
441-94-7118,A,회원,남성,컴퓨터 주변기기,"74,828",1,"74,828",2019-02-04,12:14,현금,"71,950","2,878"
725-96-3778,C,회원,여성,홈데코,"92,820",8,"742,560",2019-01-20,10:13,현금,"714,000","28,560"
531-80-1784,A,비회원,남성,컴퓨터 주변기기,"27,061",7,"189,427",2019-03-28,17:38,현금,"182,140","7,287"
400-45-1220,B,비회원,여성,헬스/뷰티,"14,040",10,"140,400",2019-02-27,11:06,신용카드,"135,000","5,400"
860-79-0874,C,회원,여성,패션/액세서리,"103,272",10,"1,032,720",2019-02-15,14:53,신용카드,"993,000","39,720"
834-61-8124,A,비회원,남성,컴퓨터 주변기기,"53,758",7,"376,306",2019-01-26,18:22,현금,"361,830","14,476"
115-99-4379,B,회원,여성,패션/액세서리,"56,919",7,"398,433",2019-03-14,19:02,신용카드,"383,110","15,323"
565-67-6697,B,회원,남성,홈데코,"28,080",9,"252,720",2019-03-02,14:16,현금,"243,000","9,720"
320-49-6392,C,비회원,여성,컴퓨터 주변기기,"31,450",1,"31,450",2019-03-04,15:44,현금,"30,240","1,210"
889-04-9723,B,회원,여성,식품/음료,"92,706",4,"370,824",2019-01-07,12:20,신용카드,"356,560","14,264"
632-90-0281,C,비회원,여성,패션/액세서리,"39,052",10,"390,520",2019-03-08,20:01,신용카드,"375,500","15,020"
554-42-2417,C,비회원,여성,스포츠/여행,"99,258",10,"992,580",2019-01-09,13:45,현금,"954,400","38,180"
453-63-6187,B,비회원,남성,컴퓨터 주변기기,"28,600",3,"85,800",2019-03-01,15:40,신용카드,"82,500","3,300"
578-80-7669,B,비회원,남성,스포츠/여행,"77,969",1,"77,969",2019-03-16,16:58,현금,"74,970","2,999"
612-36-5536,A,회원,남성,식품/음료,"84,198",8,"673,584",2019-02-17,11:12,신용카드,"647,680","25,904"
605-72-4132,C,비회원,여성,식품/음료,"98,249",8,"785,992",2019-02-27,15:12,현금,"755,760","30,232"
471-41-2823,C,비회원,남성,식품/음료,"103,782",2,"207,564",2019-03-07,20:37,신용카드,"199,580","7,984"
462-67-9126,A,비회원,남성,홈데코,"76,149",6,"456,894",2019-01-21,17:44,현금,"439,320","17,574"
272-27-9238,C,비회원,여성,식품/음료,"42,890",4,"171,560",2019-02-19,16:23,현금,"164,960","6,600"
834-25-9262,C,비회원,여성,패션/액세서리,"84,947",4,"339,788",2019-01-06,12:12,현금,"326,720","13,068"
122-61-9553,C,비회원,여성,컴퓨터 주변기기,"53,373",9,"480,357",2019-03-14,19:33,현금,"461,880","18,477"
468-88-0009,A,회원,남성,홈데코,"68,578",4,"274,312",2019-03-24,10:29,현금,"263,760","10,552"
613-59-9758,C,비회원,여성,스포츠/여행,"14,934",10,"149,340",2019-01-27,14:28,현금,"143,600","5,740"
254-31-0042,A,회원,남성,컴퓨터 주변기기,"22,360",9,"201,240",2019-03-06,12:46,신용카드,"193,500","7,740"
201-86-2184,B,회원,여성,컴퓨터 주변기기,"27,310",7,"191,170",2019-02-02,19:40,현금,"183,820","7,350"
261-12-8671,B,비회원,여성,패션/액세서리,"63,398",2,"126,796",2019-01-25,19:39,신용카드,"121,920","4,876"
730-70-9830,C,비회원,여성,홈데코,"72,914",6,"437,484",2019-03-14,17:54,신용카드,"420,660","16,824"
382-25-8917,C,비회원,남성,패션/액세서리,"43,763",6,"262,578",2019-01-29,12:25,현금,"252,480","10,098"
422-29-8786,A,비회원,여성,홈데코,"69,774",5,"348,870",2019-01-03,16:47,신용카드,"335,450","13,420"
667-23-5919,A,회원,여성,패션/액세서리,"100,568",5,"502,840",2019-01-14,12:52,신용카드,"483,500","19,340"
843-01-4703,B,회원,여성,홈데코,"36,795",9,"331,155",2019-01-05,19:50,신용카드,"318,420","12,735"
743-88-1662,C,비회원,남성,스포츠/여행,"99,310",7,"695,170",2019-02-22,18:17,신용카드,"668,430","26,740"
595-86-2894,C,회원,남성,패션/액세서리,"100,859",4,"403,436",2019-02-06,17:20,신용카드,"387,920","15,516"
182-69-8360,B,비회원,여성,컴퓨터 주변기기,"24,596",4,"98,384",2019-01-30,13:32,신용카드,"94,600","3,784"
289-15-7034,A,회원,남성,스포츠/여행,"85,623",4,"342,492",2019-01-11,10:37,신용카드,"329,320","13,172"
462-78-5240,C,비회원,여성,컴퓨터 주변기기,"27,674",2,"55,348",2019-03-19,14:35,현금,"53,220","2,128"
868-52-7573,B,비회원,여성,식품/음료,"103,678",5,"518,390",2019-01-14,12:09,현금,"498,450","19,940"
153-58-4872,C,회원,여성,식품/음료,"77,886",4,"311,544",2019-03-01,15:32,신용카드,"299,560","11,984"
662-72-2873,A,비회원,여성,식품/음료,"42,578",5,"212,890",2019-01-06,13:58,신용카드,"204,700","8,190"
525-88-7307,B,회원,남성,스포츠/여행,"78,853",1,"78,853",2019-01-31,13:19,현금,"75,820","3,033"
689-16-9784,C,비회원,남성,식품/음료,"48,641",6,"291,846",2019-03-11,13:37,현금,"280,620","11,226"
725-56-0833,A,비회원,여성,헬스/뷰티,"33,613",10,"336,130",2019-02-20,16:49,신용카드,"323,200","12,930"
394-41-0748,C,회원,여성,패션/액세서리,"56,233",9,"506,097",2019-01-27,14:55,신용카드,"486,630","19,467"
596-42-3999,B,비회원,남성,식품/음료,"18,949",7,"132,643",2019-03-10,14:04,신용카드,"127,540","5,103"
541-89-9860,C,회원,여성,패션/액세서리,"83,699",3,"251,097",2019-02-15,12:31,현금,"241,440","9,657"
173-82-9529,B,비회원,여성,패션/액세서리,"39,468",10,"394,680",2019-01-26,14:51,현금,"379,500","15,180"
563-36-9814,A,회원,남성,컴퓨터 주변기기,"79,893",1,"79,893",2019-02-13,18:27,신용카드,"76,820","3,073"
308-47-4913,A,회원,여성,스포츠/여행,"54,350",10,"543,500",2019-03-09,12:45,신용카드,"522,600","20,900"
885-17-6250,A,비회원,여성,헬스/뷰티,"82,930",1,"82,930",2019-03-06,10:36,신용카드,"79,740","3,190"
726-27-2396,A,비회원,여성,헬스/뷰티,"80,600",5,"403,000",2019-01-24,20:36,신용카드,"387,500","15,500"
316-01-3952,A,비회원,여성,식품/음료,"56,441",5,"282,205",2019-03-13,14:16,신용카드,"271,350","10,855"
760-54-1821,B,비회원,남성,홈데코,"14,134",9,"127,206",2019-03-15,10:26,현금,"122,310","4,896"
793-10-3222,B,회원,여성,헬스/뷰티,"42,702",6,"256,212",2019-03-05,13:30,신용카드,"246,360","9,852"
346-12-3257,B,회원,남성,컴퓨터 주변기기,"20,010",9,"180,090",2019-03-04,16:28,현금,"173,160","6,930"
110-05-6330,C,비회원,여성,식품/음료,"41,007",6,"246,042",2019-03-25,20:18,신용카드,"236,580","9,462"
651-61-0874,C,비회원,남성,홈데코,"48,069",4,"192,276",2019-03-12,20:04,신용카드,"184,880","7,396"
236-86-3015,C,회원,남성,홈데코,"14,539",1,"14,539",2019-02-04,13:38,신용카드,"13,980",559
831-64-0259,B,비회원,여성,패션/액세서리,"41,340",5,"206,700",2019-02-22,10:43,신용카드,"198,750","7,950"
587-03-7455,C,회원,여성,패션/액세서리,"101,702",7,"711,914",2019-02-16,17:30,신용카드,"684,530","27,384"
882-40-4577,A,회원,남성,스포츠/여행,"69,950",4,"279,800",2019-01-19,15:28,신용카드,"269,040","10,760"
732-67-5346,A,비회원,남성,식품/음료,"14,342",5,"71,710",2019-01-11,19:07,신용카드,"68,950","2,760"
725-32-9708,B,회원,여성,패션/액세서리,"71,458",4,"285,832",2019-01-04,19:01,현금,"274,840","10,992"
256-08-8343,A,비회원,여성,홈데코,"58,791",4,"235,164",2019-03-04,19:48,신용카드,"226,120","9,044"
372-26-1506,C,비회원,여성,패션/액세서리,"24,773",5,"123,865",2019-01-28,19:24,신용카드,"119,100","4,765"
244-08-0162,B,비회원,여성,헬스/뷰티,"35,578",10,"355,780",2019-01-02,13:00,현금,"342,100","13,680"
569-71-4390,B,비회원,남성,스포츠/여행,"22,745",2,"45,490",2019-01-25,14:29,신용카드,"43,740","1,750"
132-23-6451,A,회원,남성,헬스/뷰티,"21,809",5,"109,045",2019-01-04,13:21,현금,"104,850","4,195"
696-90-2548,A,비회원,남성,스포츠/여행,"26,874",3,"80,622",2019-03-10,18:55,신용카드,"77,520","3,102"
472-15-9636,A,비회원,남성,홈데코,"52,967",8,"423,736",2019-03-22,19:36,신용카드,"407,440","16,296"
268-03-6164,B,비회원,남성,헬스/뷰티,"99,954",1,"99,954",2019-01-25,16:28,신용카드,"96,110","3,844"
750-57-9686,C,비회원,여성,홈데코,"47,195",4,"188,780",2019-01-08,13:48,신용카드,"181,520","7,260"
186-09-3669,C,회원,여성,헬스/뷰티,"84,770",1,"84,770",2019-01-22,10:57,신용카드,"81,510","3,260"
848-07-1692,B,비회원,여성,헬스/뷰티,"59,509",2,"119,018",2019-01-12,17:13,신용카드,"114,440","4,578"
745-71-3520,A,회원,여성,컴퓨터 주변기기,"26,229",7,"183,603",2019-02-04,10:23,현금,"176,540","7,063"
266-76-6436,C,회원,여성,식품/음료,"40,144",3,"120,432",2019-03-28,13:57,신용카드,"115,800","4,632"
740-22-2500,C,비회원,여성,컴퓨터 주변기기,"87,412",3,"262,236",2019-01-23,13:29,현금,"252,150","10,086"
271-88-8734,C,회원,여성,패션/액세서리,"101,098",10,"1,010,980",2019-02-08,13:00,신용카드,"972,100","38,880"
301-81-8610,B,회원,남성,패션/액세서리,"26,437",8,"211,496",2019-03-19,19:42,신용카드,"203,360","8,136"
489-64-4354,C,비회원,남성,패션/액세서리,"16,931",1,"16,931",2019-03-09,15:36,현금,"16,280",651
198-84-7132,B,회원,남성,패션/액세서리,"42,234",9,"380,106",2019-01-02,13:40,현금,"365,490","14,616"
269-10-8440,A,회원,남성,헬스/뷰티,"55,297",7,"387,079",2019-01-21,18:01,현금,"372,190","14,889"
650-98-6268,B,회원,여성,식품/음료,"21,705",3,"65,115",2019-03-20,13:53,신용카드,"62,610","2,505"
741-73-3559,B,비회원,남성,스포츠/여행,"69,961",5,"349,805",2019-02-27,17:27,현금,"336,350","13,455"
325-77-6186,A,회원,여성,홈데코,"94,276",10,"942,760",2019-03-08,10:53,신용카드,"906,500","36,260"
286-75-7818,B,비회원,남성,패션/액세서리,"71,843",2,"143,686",2019-01-31,19:48,신용카드,"138,160","5,526"
574-57-9721,C,비회원,남성,식품/음료,"45,001",2,"90,002",2019-03-08,16:53,신용카드,"86,540","3,462"
459-50-7686,A,비회원,여성,컴퓨터 주변기기,"24,398",6,"146,388",2019-01-13,19:14,신용카드,"140,760","5,628"
616-87-0016,B,비회원,남성,패션/액세서리,"99,362",7,"695,534",2019-03-09,14:36,신용카드,"668,780","26,754"
837-55-7229,B,비회원,여성,패션/액세서리,"49,338",1,"49,338",2019-02-22,18:19,신용카드,"47,440","1,898"
751-69-0068,C,비회원,남성,스포츠/여행,"103,210",9,"928,890",2019-03-19,19:09,신용카드,"893,160","35,730"
257-73-1380,C,회원,남성,스포츠/여행,"86,247",4,"344,988",2019-01-20,16:51,신용카드,"331,720","13,268"
345-08-4992,A,비회원,남성,홈데코,"35,350",6,"212,100",2019-03-08,15:37,신용카드,"203,940","8,160"
549-96-4200,C,회원,남성,식품/음료,"17,722",4,"70,888",2019-03-08,20:15,신용카드,"68,160","2,728"
810-60-6344,C,비회원,여성,컴퓨터 주변기기,"42,494",8,"339,952",2019-02-07,14:38,신용카드,"326,880","13,072"
450-28-2866,C,회원,남성,식품/음료,"18,138",5,"90,690",2019-01-15,19:25,현금,"87,200","3,490"
394-30-3170,B,회원,여성,스포츠/여행,"91,967",8,"735,736",2019-03-22,19:35,신용카드,"707,440","28,296"
138-17-5109,A,회원,여성,홈데코,"92,778",9,"835,002",2019-01-15,15:42,신용카드,"802,890","32,112"
192-98-7397,C,비회원,남성,패션/액세서리,"13,291",1,"13,291",2019-01-08,14:11,신용카드,"12,780",511
301-11-9629,A,비회원,여성,스포츠/여행,"19,864",7,"139,048",2019-01-15,10:43,현금,"133,700","5,348"
390-80-5128,B,회원,여성,헬스/뷰티,"19,916",1,"19,916",2019-01-28,17:58,신용카드,"19,150",766
235-46-8343,C,회원,남성,식품/음료,"28,766",10,"287,660",2019-02-14,11:26,신용카드,"276,600","11,060"
453-12-7053,C,비회원,남성,패션/액세서리,"47,570",3,"142,710",2019-03-10,17:38,신용카드,"137,220","5,490"
296-11-7041,B,회원,여성,헬스/뷰티,"28,153",1,"28,153",2019-01-12,20:07,신용카드,"27,070","1,083"
449-27-2918,B,회원,여성,스포츠/여행,"40,685",1,"40,685",2019-03-26,11:02,신용카드,"39,120","1,565"
891-01-7034,B,비회원,여성,컴퓨터 주변기기,"77,698",6,"466,188",2019-01-01,19:07,현금,"448,260","17,928"
744-09-5786,B,비회원,남성,컴퓨터 주변기기,"22,890",6,"137,340",2019-01-02,18:50,현금,"132,060","5,280"
727-17-0390,A,비회원,여성,식품/음료,"66,154",5,"330,770",2019-03-16,12:43,신용카드,"318,050","12,720"
568-88-3448,A,비회원,남성,헬스/뷰티,"26,000",1,"26,000",2019-03-03,15:09,신용카드,"25,000","1,000"
187-83-5490,A,회원,남성,컴퓨터 주변기기,"21,601",4,"86,404",2019-01-31,13:47,현금,"83,080","3,324"
767-54-1907,B,회원,여성,패션/액세서리,"30,742",5,"153,710",2019-02-13,16:59,현금,"147,800","5,910"
710-46-4433,B,회원,여성,식품/음료,"80,496",9,"724,464",2019-02-15,14:15,신용카드,"696,600","27,864"
533-33-5337,B,비회원,남성,컴퓨터 주변기기,"82,566",10,"825,660",2019-02-07,20:24,현금,"793,900","31,760"
325-90-8763,C,회원,여성,컴퓨터 주변기기,"48,433",10,"484,330",2019-01-27,13:58,현금,"465,700","18,630"
729-46-7422,C,비회원,남성,식품/음료,"37,326",1,"37,326",2019-02-23,16:52,신용카드,"35,890","1,436"
639-76-1242,C,비회원,남성,식품/음료,"42,141",5,"210,705",2019-02-03,15:19,현금,"202,600","8,105"
234-03-4040,B,회원,여성,식품/음료,"75,972",10,"759,720",2019-03-03,12:25,신용카드,"730,500","29,220"
326-71-2155,C,비회원,여성,스포츠/여행,"76,908",4,"307,632",2019-02-03,10:02,현금,"295,800","11,832"
320-32-8842,C,회원,여성,식품/음료,"23,525",1,"23,525",2019-03-17,18:58,현금,"22,620",905
470-32-9057,A,회원,남성,식품/음료,"53,394",5,"266,970",2019-03-28,15:31,신용카드,"256,700","10,270"
878-30-2331,C,회원,여성,스포츠/여행,"56,732",10,"567,320",2019-03-02,11:22,신용카드,"545,500","21,820"
440-59-5691,C,회원,여성,헬스/뷰티,"38,636",7,"270,452",2019-02-08,13:12,신용카드,"260,050","10,402"
554-53-3790,B,비회원,남성,스포츠/여행,"38,501",6,"231,006",2019-03-22,18:33,현금,"222,120","8,886"
746-19-0921,C,비회원,남성,식품/음료,"22,443",1,"22,443",2019-02-09,10:02,신용카드,"21,580",863
233-34-0817,C,회원,여성,컴퓨터 주변기기,"102,794",1,"102,794",2019-02-15,11:21,현금,"98,840","3,954"
767-05-1286,C,회원,여성,홈데코,"87,121",6,"522,726",2019-01-23,12:10,신용카드,"502,620","20,106"
340-21-9136,A,회원,여성,스포츠/여행,"41,652",4,"166,608",2019-01-25,11:40,현금,"160,200","6,408"
405-31-3305,A,회원,남성,패션/액세서리,"44,855",10,"448,550",2019-02-02,18:31,신용카드,"431,300","17,250"
731-59-7531,B,회원,남성,헬스/뷰티,"75,473",8,"603,784",2019-03-30,17:58,현금,"580,560","23,224"
676-39-6028,A,회원,여성,컴퓨터 주변기기,"67,018",5,"335,090",2019-03-30,17:04,현금,"322,200","12,890"
502-05-1910,A,비회원,남성,헬스/뷰티,"67,787",3,"203,361",2019-02-25,20:35,신용카드,"195,540","7,821"
485-30-8700,A,비회원,여성,스포츠/여행,"34,590",5,"172,950",2019-03-18,16:10,신용카드,"166,300","6,650"
598-47-9715,C,비회원,남성,컴퓨터 주변기기,"87,433",4,"349,732",2019-03-07,16:54,신용카드,"336,280","13,452"
701-69-8742,B,비회원,남성,스포츠/여행,"35,745",10,"357,450",2019-03-16,10:11,신용카드,"343,700","13,750"
575-67-1508,A,비회원,남성,컴퓨터 주변기기,"40,144",1,"40,144",2019-01-29,11:26,신용카드,"38,600","1,544"
541-08-3113,C,비회원,남성,식품/음료,"68,609",8,"548,872",2019-02-02,20:29,현금,"527,760","21,112"
246-11-3901,C,비회원,여성,컴퓨터 주변기기,"34,112",10,"341,120",2019-02-15,12:12,현금,"328,000","13,120"
674-15-9296,A,비회원,남성,스포츠/여행,"38,626",5,"193,130",2019-01-08,13:05,신용카드,"185,700","7,430"
305-18-3552,B,회원,남성,홈데코,"62,795",10,"627,950",2019-02-12,16:19,현금,"603,800","24,150"
493-65-6248,C,회원,여성,스포츠/여행,"38,459",10,"384,590",2019-01-01,19:48,신용카드,"369,800","14,790"
438-01-4015,B,회원,여성,스포츠/여행,"51,470",4,"205,880",2019-03-21,15:25,신용카드,"197,960","7,920"
709-58-4068,B,비회원,여성,패션/액세서리,"42,734",10,"427,340",2019-02-28,14:42,현금,"410,900","16,440"
795-49-7276,A,비회원,남성,패션/액세서리,"38,636",4,"154,544",2019-03-23,18:59,신용카드,"148,600","5,944"
556-72-8512,C,비회원,남성,홈데코,"23,878",1,"23,878",2019-01-30,20:47,현금,"22,960",918
627-95-3243,B,회원,여성,홈데코,"80,787",9,"727,083",2019-02-04,13:21,신용카드,"699,120","27,963"
686-41-0932,B,비회원,여성,패션/액세서리,"36,088",2,"72,176",2019-03-13,19:48,신용카드,"69,400","2,776"
510-09-5628,A,회원,여성,패션/액세서리,"20,446",10,"204,460",2019-03-15,18:20,신용카드,"196,600","7,860"
608-04-3797,B,회원,여성,헬스/뷰티,"26,333",8,"210,664",2019-03-05,20:24,신용카드,"202,560","8,104"
148-82-2527,C,회원,여성,홈데코,"12,605",10,"126,050",2019-03-05,13:44,신용카드,"121,200","4,850"
437-53-3084,B,비회원,남성,패션/액세서리,"103,886",2,"207,772",2019-02-26,11:48,신용카드,"199,780","7,992"
632-32-4574,B,비회원,남성,스포츠/여행,"78,957",8,"631,656",2019-03-20,14:14,현금,"607,360","24,296"
556-97-7101,C,비회원,여성,컴퓨터 주변기기,"65,749",2,"131,498",2019-01-01,15:51,현금,"126,440","5,058"
862-59-8517,C,비회원,여성,식품/음료,"93,850",6,"563,100",2019-01-27,11:17,현금,"541,440","21,660"
401-18-8016,B,회원,여성,스포츠/여행,"102,055",1,"102,055",2019-01-21,17:36,현금,"98,130","3,925"
420-18-8989,A,회원,여성,스포츠/여행,"53,581",8,"428,648",2019-02-02,15:47,현금,"412,160","16,488"
277-63-2961,B,회원,남성,스포츠/여행,"76,929",1,"76,929",2019-02-03,15:53,신용카드,"73,970","2,959"
573-98-8548,C,회원,여성,패션/액세서리,"33,176",1,"33,176",2019-01-05,12:40,신용카드,"31,900","1,276"
620-02-2046,C,비회원,남성,홈데코,"72,176",2,"144,352",2019-01-27,19:48,신용카드,"138,800","5,552"
282-35-2475,B,비회원,여성,스포츠/여행,"97,042",2,"194,084",2019-03-25,17:53,현금,"186,620","7,464"
511-54-3087,B,비회원,남성,스포츠/여행,"91,988",1,"91,988",2019-02-25,16:36,신용카드,"88,450","3,538"
726-29-6793,A,회원,남성,컴퓨터 주변기기,"25,147",8,"201,176",2019-01-28,20:54,신용카드,"193,440","7,736"
387-49-4215,B,회원,여성,스포츠/여행,"50,440",3,"151,320",2019-01-08,12:50,현금,"145,500","5,820"
862-17-9201,B,비회원,여성,식품/음료,"87,412",6,"524,472",2019-01-29,10:48,신용카드,"504,300","20,172"
291-21-5991,B,회원,남성,헬스/뷰티,"63,742",5,"318,710",2019-03-29,14:28,현금,"306,450","12,260"
602-80-9671,C,회원,여성,홈데코,"16,588",6,"99,528",2019-02-09,17:15,신용카드,"95,700","3,828"
347-72-6115,B,회원,여성,스포츠/여행,"94,370",7,"660,590",2019-01-16,18:03,신용카드,"635,180","25,410"
209-61-0206,A,비회원,여성,홈데코,"44,626",5,"223,130",2019-01-05,17:29,신용카드,"214,550","8,580"
595-27-4851,A,비회원,여성,패션/액세서리,"56,451",7,"395,157",2019-01-27,18:05,신용카드,"379,960","15,197"
189-52-0236,A,비회원,남성,컴퓨터 주변기기,"103,532",7,"724,724",2019-03-14,12:07,현금,"696,850","27,874"
503-07-0930,C,회원,남성,스포츠/여행,"60,726",7,"425,082",2019-02-23,19:49,신용카드,"408,730","16,352"
413-20-6708,C,회원,여성,패션/액세서리,"53,529",1,"53,529",2019-03-18,15:52,신용카드,"51,470","2,059"
425-85-2085,B,회원,남성,헬스/뷰티,"57,054",5,"285,270",2019-03-29,16:48,신용카드,"274,300","10,970"
521-18-7827,C,회원,남성,홈데코,"40,966",5,"204,830",2019-01-22,20:46,신용카드,"196,950","7,880"
220-28-1851,A,비회원,남성,홈데코,"36,119",2,"72,238",2019-03-01,18:14,신용카드,"69,460","2,778"
600-38-9738,C,회원,남성,스포츠/여행,"74,797",5,"373,985",2019-01-17,15:05,신용카드,"359,600","14,385"
734-91-1155,B,비회원,여성,컴퓨터 주변기기,"47,538",3,"142,614",2019-03-26,10:34,신용카드,"137,130","5,484"
451-28-5717,C,회원,여성,홈데코,"86,497",6,"518,982",2019-03-20,11:23,현금,"499,020","19,962"
609-81-8548,A,회원,여성,홈데코,"38,938",6,"233,628",2019-02-06,13:55,신용카드,"224,640","8,988"
133-14-7229,C,비회원,남성,헬스/뷰티,"65,385",2,"130,770",2019-01-01,11:43,현금,"125,740","5,030"
534-01-4457,A,비회원,남성,식품/음료,"84,978",6,"509,868",2019-01-27,14:36,신용카드,"490,260","19,608"
719-89-8991,A,회원,여성,스포츠/여행,"95,066",5,"475,330",2019-02-25,16:03,신용카드,"457,050","18,280"
286-62-6248,B,비회원,남성,패션/액세서리,"40,778",4,"163,112",2019-01-16,20:03,신용카드,"156,840","6,272"
339-38-9982,B,회원,남성,패션/액세서리,"62,254",2,"124,508",2019-01-13,14:55,신용카드,"119,720","4,788"
827-44-5872,B,회원,여성,식품/음료,"56,534",10,"565,340",2019-02-07,11:28,신용카드,"543,600","21,740"
827-77-7633,A,비회원,남성,스포츠/여행,"102,014",9,"918,126",2019-02-17,19:41,현금,"882,810","35,316"
287-83-1405,A,비회원,남성,헬스/뷰티,"26,447",6,"158,682",2019-02-12,19:01,신용카드,"152,580","6,102"
435-13-4908,A,회원,남성,패션/액세서리,"90,147",8,"721,176",2019-01-24,18:04,신용카드,"693,440","27,736"
857-67-9057,B,비회원,남성,컴퓨터 주변기기,"23,868",10,"238,680",2019-02-06,19:20,신용카드,"229,500","9,180"
236-27-1144,C,비회원,여성,식품/음료,"16,962",9,"152,658",2019-03-26,10:31,신용카드,"146,790","5,868"
892-05-6689,A,비회원,여성,홈데코,"29,453",5,"147,265",2019-03-11,13:28,신용카드,"141,600","5,665"
583-41-4548,C,비회원,남성,홈데코,"17,337",7,"121,359",2019-02-07,11:36,신용카드,"116,690","4,669"
339-12-4827,B,회원,여성,패션/액세서리,"76,918",1,"76,918",2019-01-05,11:32,신용카드,"73,960","2,958"
643-38-7867,A,비회원,남성,홈데코,"101,858",1,"101,858",2019-03-07,11:44,신용카드,"97,940","3,918"
308-81-0538,A,비회원,여성,패션/액세서리,"75,972",4,"303,888",2019-02-25,17:16,신용카드,"292,200","11,688"
358-88-9262,C,회원,여성,식품/음료,"90,979",6,"545,874",2019-02-01,18:43,신용카드,"524,880","20,994"
460-35-4390,A,비회원,남성,홈데코,"31,907",3,"95,721",2019-01-22,11:00,신용카드,"92,040","3,681"
343-87-0864,C,회원,남성,헬스/뷰티,"78,915",1,"78,915",2019-01-03,10:30,신용카드,"75,880","3,035"
173-50-1108,B,회원,여성,스포츠/여행,"20,987",4,"83,948",2019-02-13,12:14,신용카드,"80,720","3,228"
243-47-2663,C,회원,남성,컴퓨터 주변기기,"19,521",6,"117,126",2019-01-28,16:43,신용카드,"112,620","4,506"
841-18-8232,B,비회원,여성,식품/음료,"74,048",1,"74,048",2019-01-05,20:40,신용카드,"71,200","2,848"
701-23-5550,B,회원,남성,홈데코,"40,362",4,"161,448",2019-03-19,13:40,신용카드,"155,240","6,208"
647-50-1224,A,비회원,여성,패션/액세서리,"30,597",10,"305,970",2019-01-12,16:23,신용카드,"294,200","11,770"
541-48-8554,A,비회원,남성,스포츠/여행,"63,388",9,"570,492",2019-01-07,12:08,신용카드,"548,550","21,942"
539-21-7227,B,비회원,여성,스포츠/여행,"53,602",5,"268,010",2019-01-26,17:45,현금,"257,700","10,310"
213-32-1216,A,비회원,여성,컴퓨터 주변기기,"68,702",6,"412,212",2019-01-23,10:28,현금,"396,360","15,852"
747-58-7183,B,비회원,남성,패션/액세서리,"59,561",3,"178,683",2019-02-09,20:31,신용카드,"171,810","6,873"
582-52-8065,B,비회원,여성,패션/액세서리,"56,482",9,"508,338",2019-02-22,10:49,현금,"488,790","19,548"
210-57-1719,B,비회원,여성,헬스/뷰티,"60,570",9,"545,130",2019-02-05,12:34,현금,"524,160","20,970"
399-69-4630,C,비회원,남성,컴퓨터 주변기기,"23,098",6,"138,588",2019-03-07,10:23,신용카드,"133,260","5,328"
134-75-2619,A,회원,남성,컴퓨터 주변기기,"20,093",7,"140,651",2019-03-25,18:51,현금,"135,240","5,411"
356-44-8813,B,비회원,남성,홈데코,"38,979",3,"116,937",2019-01-20,13:45,신용카드,"112,440","4,497"
198-66-9832,B,회원,여성,패션/액세서리,"74,922",2,"149,844",2019-02-04,19:38,현금,"144,080","5,764"
283-26-5248,C,회원,여성,식품/음료,"102,461",10,"1,024,610",2019-01-30,20:23,신용카드,"985,200","39,410"
712-39-0363,A,회원,남성,식품/음료,"43,326",6,"259,956",2019-01-02,15:24,신용카드,"249,960","9,996"
218-59-9410,A,회원,여성,홈데코,"75,317",3,"225,951",2019-03-29,16:54,신용카드,"217,260","8,691"
174-75-0888,B,비회원,남성,컴퓨터 주변기기,"22,443",9,"201,987",2019-03-14,12:32,현금,"194,220","7,767"
866-99-7614,C,비회원,남성,식품/음료,"92,768",10,"927,680",2019-02-11,15:42,신용카드,"892,000","35,680"
134-54-4720,B,비회원,여성,컴퓨터 주변기기,"44,117",8,"352,936",2019-01-30,13:58,신용카드,"339,360","13,576"
760-90-2357,A,회원,남성,컴퓨터 주변기기,"77,490",6,"464,940",2019-03-20,15:08,신용카드,"447,060","17,880"
514-37-2845,B,비회원,남성,패션/액세서리,"103,220",2,"206,440",2019-03-20,13:02,현금,"198,500","7,940"
698-98-5964,A,비회원,여성,식품/음료,"84,458",10,"844,580",2019-01-17,13:01,신용카드,"812,100","32,480"
718-57-9773,C,비회원,여성,스포츠/여행,"51,303",10,"513,030",2019-02-03,16:40,신용카드,"493,300","19,730"
651-88-7328,A,비회원,여성,패션/액세서리,"68,370",9,"615,330",2019-01-01,13:55,현금,"591,660","23,670"
241-11-2261,B,비회원,여성,패션/액세서리,"83,054",7,"581,378",2019-01-10,10:33,신용카드,"559,020","22,358"
408-26-9866,C,비회원,여성,스포츠/여행,"76,939",7,"538,573",2019-03-02,16:42,신용카드,"517,860","20,713"
834-83-1826,B,회원,여성,홈데코,"85,322",5,"426,610",2019-02-25,17:16,신용카드,"410,200","16,410"
343-61-3544,B,회원,남성,스포츠/여행,"27,737",10,"277,370",2019-01-29,11:48,현금,"266,700","10,670"
239-48-4278,A,회원,남성,식품/음료,"10,535",7,"73,745",2019-03-10,19:35,신용카드,"70,910","2,835"
355-34-6244,B,비회원,남성,식품/음료,"75,286",2,"150,572",2019-01-13,19:55,신용카드,"144,780","5,792"
550-84-8664,A,비회원,남성,스포츠/여행,"89,346",5,"446,730",2019-03-22,14:33,신용카드,"429,550","17,180"
339-96-8318,B,회원,남성,패션/액세서리,"84,562",7,"591,934",2019-03-01,19:49,신용카드,"569,170","22,764"
458-61-0011,B,비회원,남성,식품/음료,"62,712",4,"250,848",2019-02-20,18:43,현금,"241,200","9,648"
592-34-6155,C,비회원,남성,식품/음료,"33,041",4,"132,164",2019-01-14,14:43,신용카드,"127,080","5,084"
797-88-0493,A,비회원,여성,헬스/뷰티,"66,841",4,"267,364",2019-03-26,13:54,현금,"257,080","10,284"
207-73-1363,B,비회원,남성,헬스/뷰티,"72,290",2,"144,580",2019-03-01,12:15,신용카드,"139,020","5,560"
390-31-6381,C,비회원,남성,식품/음료,"28,309",3,"84,927",2019-01-07,12:37,현금,"81,660","3,267"
443-82-0585,A,회원,여성,헬스/뷰티,"80,787",4,"323,148",2019-02-01,19:54,현금,"310,720","12,428"
339-18-7061,C,회원,여성,패션/액세서리,"96,699",2,"193,398",2019-02-13,15:06,신용카드,"185,960","7,438"
359-90-3665,B,회원,여성,패션/액세서리,"18,803",4,"75,212",2019-01-14,18:03,신용카드,"72,320","2,892"
375-72-3056,B,비회원,남성,스포츠/여행,"65,582",3,"196,746",2019-01-19,15:58,신용카드,"189,180","7,566"
127-47-6963,A,비회원,남성,헬스/뷰티,"53,778",4,"215,112",2019-03-09,13:53,신용카드,"206,840","8,272"
278-86-2735,A,비회원,여성,식품/음료,"54,434",3,"163,302",2019-03-27,14:03,현금,"157,020","6,282"
695-28-6250,A,비회원,여성,스포츠/여행,"44,782",5,"223,910",2019-02-04,16:38,신용카드,"215,300","8,610"
379-17-6588,C,비회원,남성,패션/액세서리,"61,994",10,"619,940",2019-03-14,11:07,현금,"596,100","23,840"
227-50-3718,A,비회원,남성,헬스/뷰티,"15,205",5,"76,025",2019-03-04,12:23,현금,"73,100","2,925"
302-15-2162,C,회원,남성,헬스/뷰티,"48,391",6,"290,346",2019-03-03,10:54,신용카드,"279,180","11,166"
788-07-8452,C,회원,여성,홈데코,"25,210",7,"176,470",2019-01-27,17:38,신용카드,"169,680","6,790"
560-49-6611,A,회원,여성,스포츠/여행,"47,403",1,"47,403",2019-02-07,14:13,현금,"45,580","1,823"
880-35-0356,A,회원,여성,스포츠/여행,"78,208",3,"234,624",2019-02-05,11:51,신용카드,"225,600","9,024"
585-11-6748,B,회원,남성,스포츠/여행,"100,672",3,"302,016",2019-03-15,13:05,현금,"290,400","11,616"
470-31-3286,B,비회원,남성,헬스/뷰티,"15,413",3,"46,239",2019-03-01,11:30,신용카드,"44,460","1,779"
152-68-2907,A,비회원,남성,식품/음료,"54,288",3,"162,864",2019-02-15,13:30,신용카드,"156,600","6,264"
123-35-4896,C,비회원,여성,스포츠/여행,"48,526",9,"436,734",2019-02-17,19:11,신용카드,"419,940","16,794"
258-69-7810,C,비회원,여성,패션/액세서리,"38,324",5,"191,620",2019-01-26,18:53,현금,"184,250","7,370"
334-64-2006,A,회원,여성,홈데코,"73,133",2,"146,266",2019-03-24,14:22,신용카드,"140,640","5,626"
219-61-4139,C,비회원,남성,컴퓨터 주변기기,"86,403",1,"86,403",2019-01-23,17:16,신용카드,"83,080","3,323"
881-41-7302,C,비회원,여성,패션/액세서리,"67,590",1,"67,590",2019-01-26,10:06,신용카드,"64,990","2,600"
373-09-4567,C,비회원,남성,식품/음료,"80,662",10,"806,620",2019-03-14,20:35,신용카드,"775,600","31,020"
642-30-6693,B,비회원,여성,스포츠/여행,"56,690",6,"340,140",2019-03-17,13:54,신용카드,"327,060","13,080"
484-22-8230,C,회원,여성,패션/액세서리,"53,966",7,"377,762",2019-01-08,20:08,현금,"363,230","14,532"
830-58-2383,B,비회원,남성,홈데코,"33,020",4,"132,080",2019-02-08,15:26,현금,"127,000","5,080"
559-98-9873,A,회원,여성,패션/액세서리,"55,796",7,"390,572",2019-02-10,12:56,신용카드,"375,550","15,022"
544-32-5024,C,회원,여성,식품/음료,"51,782",4,"207,128",2019-03-28,19:16,신용카드,"199,160","7,968"
318-12-0304,A,비회원,남성,패션/액세서리,"31,834",1,"31,834",2019-01-23,12:20,신용카드,"30,610","1,224"
349-97-8902,B,회원,남성,식품/음료,"60,206",2,"120,412",2019-01-17,10:37,신용카드,"115,780","4,632"
421-95-9805,A,비회원,여성,컴퓨터 주변기기,"30,118",1,"30,118",2019-02-07,10:18,신용카드,"28,960","1,158"
277-35-5865,C,회원,여성,식품/음료,"102,929",9,"926,361",2019-03-09,11:23,현금,"890,730","35,631"
789-23-8625,B,회원,남성,패션/액세서리,"96,949",3,"290,847",2019-01-24,11:45,현금,"279,660","11,187"
284-54-4231,C,회원,남성,스포츠/여행,"84,167",1,"84,167",2019-01-19,16:08,신용카드,"80,930","3,237"
443-59-0061,A,회원,남성,식품/음료,"70,148",10,"701,480",2019-02-03,11:25,신용카드,"674,500","26,980"
509-29-3912,A,회원,여성,스포츠/여행,"40,269",9,"362,421",2019-03-20,12:24,신용카드,"348,480","13,941"
327-40-9673,B,회원,남성,스포츠/여행,"75,504",6,"453,024",2019-01-13,19:51,현금,"435,600","17,424"
840-19-2096,C,회원,남성,컴퓨터 주변기기,"91,426",5,"457,130",2019-03-14,18:10,신용카드,"439,550","17,580"
828-46-6863,A,회원,남성,식품/음료,"102,471",6,"614,826",2019-01-23,11:22,신용카드,"591,180","23,646"
641-96-3695,C,회원,여성,패션/액세서리,"45,198",6,"271,188",2019-02-07,17:55,신용카드,"260,760","10,428"
420-97-3340,A,비회원,여성,식품/음료,"74,547",3,"223,641",2019-03-28,15:30,신용카드,"215,040","8,601"
436-54-4512,A,회원,여성,식품/음료,"95,274",1,"95,274",2019-03-20,19:44,현금,"91,610","3,664"
670-79-6321,B,회원,여성,홈데코,"98,374",7,"688,618",2019-01-17,15:27,신용카드,"662,130","26,488"
852-62-7105,B,비회원,여성,패션/액세서리,"86,580",10,"865,800",2019-01-12,11:25,신용카드,"832,500","33,300"
598-06-7312,B,회원,남성,패션/액세서리,"95,004",1,"95,004",2019-02-16,15:42,현금,"91,350","3,654"
135-13-8269,B,회원,여성,식품/음료,"82,035",2,"164,070",2019-01-26,16:04,현금,"157,760","6,310"
816-57-2053,A,비회원,남성,스포츠/여행,"63,305",2,"126,610",2019-03-09,12:37,신용카드,"121,740","4,870"
628-90-8624,B,회원,남성,헬스/뷰티,"85,883",10,"858,830",2019-03-14,14:41,현금,"825,800","33,030"
856-66-2701,A,회원,남성,홈데코,"55,432",3,"166,296",2019-01-25,14:19,신용카드,"159,900","6,396"
308-39-1707,A,비회원,여성,패션/액세서리,"12,574",1,"12,574",2019-01-26,18:19,신용카드,"12,090",484
149-61-1929,A,비회원,남성,스포츠/여행,"66,758",10,"667,580",2019-01-19,14:08,신용카드,"641,900","25,680"
655-07-2265,A,비회원,남성,컴퓨터 주변기기,"81,442",3,"244,326",2019-03-05,16:38,신용카드,"234,930","9,396"
589-02-8023,A,회원,남성,식품/음료,"87,121",2,"174,242",2019-01-15,10:54,신용카드,"167,540","6,702"
420-04-7590,B,비회원,남성,홈데코,"103,688",3,"311,064",2019-03-18,11:29,신용카드,"299,100","11,964"
182-88-2763,B,회원,남성,식품/음료,"83,106",3,"249,318",2019-03-20,19:28,신용카드,"239,730","9,588"
188-55-0967,B,회원,남성,헬스/뷰티,"69,129",10,"691,290",2019-01-15,15:01,신용카드,"664,700","26,590"
610-46-4100,A,비회원,남성,헬스/뷰티,"30,108",7,"210,756",2019-03-03,20:31,신용카드,"202,650","8,106"
318-81-2368,C,비회원,여성,컴퓨터 주변기기,"48,048",1,"48,048",2019-03-19,12:16,현금,"46,200","1,848"
364-33-8584,B,회원,여성,식품/음료,"18,335",5,"91,675",2019-03-08,15:27,현금,"88,150","3,525"
665-63-9737,B,비회원,남성,패션/액세서리,"54,517",3,"163,551",2019-02-27,17:36,신용카드,"157,260","6,291"
695-09-5146,B,회원,여성,식품/음료,"102,742",3,"308,226",2019-02-23,20:00,신용카드,"296,370","11,856"
155-45-3814,C,회원,여성,컴퓨터 주변기기,"92,092",8,"736,736",2019-03-19,15:29,신용카드,"708,400","28,336"
794-32-2436,B,회원,남성,컴퓨터 주변기기,"57,897",2,"115,794",2019-03-27,15:08,신용카드,"111,340","4,454"
131-15-8856,C,회원,여성,식품/음료,"75,421",8,"603,368",2019-03-30,19:26,신용카드,"580,160","23,208"
273-84-2164,C,회원,남성,컴퓨터 주변기기,"12,532",5,"62,660",2019-02-16,15:53,신용카드,"60,250","2,410"
706-36-6154,A,회원,남성,홈데코,"20,134",9,"181,206",2019-01-18,18:43,신용카드,"174,240","6,966"
778-89-7974,C,비회원,남성,헬스/뷰티,"73,018",6,"438,108",2019-03-30,14:58,현금,"421,260","16,848"
574-31-8277,B,회원,남성,패션/액세서리,"34,975",1,"34,975",2019-03-20,19:55,현금,"33,630","1,345"
859-71-0933,C,회원,여성,스포츠/여행,"16,110",2,"32,220",2019-01-16,15:10,현금,"30,980","1,240"
740-11-5257,C,비회원,남성,컴퓨터 주변기기,"25,730",10,"257,300",2019-02-24,16:44,현금,"247,400","9,900"
369-82-2676,B,비회원,남성,컴퓨터 주변기기,"78,686",5,"393,430",2019-01-15,18:22,신용카드,"378,300","15,130"
563-47-4072,B,비회원,여성,헬스/뷰티,"58,042",6,"348,252",2019-01-22,11:52,현금,"334,860","13,392"
742-04-5161,A,회원,남성,홈데코,"75,691",10,"756,910",2019-02-03,17:24,현금,"727,800","29,110"
149-15-7606,B,회원,남성,스포츠/여행,"38,813",9,"349,317",2019-03-06,15:31,신용카드,"335,880","13,437"
133-77-3154,B,회원,남성,패션/액세서리,"62,587",4,"250,348",2019-02-16,18:04,신용카드,"240,720","9,628"
169-52-4504,A,비회원,여성,컴퓨터 주변기기,"16,318",3,"48,954",2019-03-14,14:13,신용카드,"47,070","1,884"
250-81-7186,C,비회원,여성,컴퓨터 주변기기,"103,678",1,"103,678",2019-02-27,10:23,신용카드,"99,690","3,988"
562-12-5430,A,회원,여성,패션/액세서리,"91,676",3,"275,028",2019-01-18,10:11,신용카드,"264,450","10,578"
816-72-8853,A,회원,여성,스포츠/여행,"29,047",5,"145,235",2019-01-29,15:48,현금,"139,650","5,585"
491-38-3499,A,회원,남성,패션/액세서리,"57,668",1,"57,668",2019-02-26,17:46,신용카드,"55,450","2,218"
322-02-2271,B,비회원,여성,스포츠/여행,"44,689",3,"134,067",2019-02-03,11:46,현금,"128,910","5,157"
842-29-4695,C,회원,남성,스포츠/여행,"17,826",7,"124,782",2019-01-16,12:07,신용카드,"119,980","4,802"
725-67-2480,B,회원,여성,패션/액세서리,"61,100",6,"366,600",2019-03-24,18:14,신용카드,"352,500","14,100"
641-51-2661,C,회원,여성,식품/음료,"90,584",10,"905,840",2019-02-12,14:45,신용카드,"871,000","34,840"
714-02-3114,C,비회원,여성,스포츠/여행,"102,752",2,"205,504",2019-02-21,11:39,현금,"197,600","7,904"
518-17-2983,A,비회원,여성,패션/액세서리,"50,575",4,"202,300",2019-02-04,15:44,신용카드,"194,520","7,780"
779-42-2410,B,회원,남성,식품/음료,"60,050",3,"180,150",2019-02-20,13:06,신용카드,"173,220","6,930"
190-14-3147,B,비회원,여성,헬스/뷰티,"18,689",4,"74,756",2019-02-23,20:43,신용카드,"71,880","2,876"
408-66-6712,C,회원,여성,헬스/뷰티,"49,618",6,"297,708",2019-02-16,14:19,신용카드,"286,260","11,448"
679-22-6530,B,비회원,여성,스포츠/여행,"42,245",2,"84,490",2019-01-17,10:01,신용카드,"81,240","3,250"
588-47-8641,A,회원,남성,패션/액세서리,"58,282",10,"582,820",2019-01-14,19:30,신용카드,"560,400","22,420"
642-61-4706,B,회원,남성,식품/음료,"97,136",2,"194,272",2019-03-30,16:34,현금,"186,800","7,472"
576-31-4774,B,비회원,여성,헬스/뷰티,"76,346",3,"229,038",2019-03-02,13:10,신용카드,"220,230","8,808"
556-41-6224,C,비회원,남성,헬스/뷰티,"34,986",8,"279,888",2019-02-15,17:10,신용카드,"269,120","10,768"
811-03-8790,A,비회원,여성,컴퓨터 주변기기,"47,299",10,"472,990",2019-03-01,10:22,신용카드,"454,800","18,190"
242-11-3142,B,회원,남성,패션/액세서리,"87,121",2,"174,242",2019-02-24,19:57,현금,"167,540","6,702"
752-23-3760,B,회원,여성,스포츠/여행,"66,643",7,"466,501",2019-02-19,19:29,신용카드,"448,560","17,941"
274-05-5470,A,회원,여성,식품/음료,"76,409",4,"305,636",2019-02-23,18:30,현금,"293,880","11,756"
648-94-3045,C,비회원,남성,헬스/뷰티,"61,308",10,"613,080",2019-02-07,14:27,신용카드,"589,500","23,580"
130-67-4723,A,회원,남성,식품/음료,"50,440",6,"302,640",2019-01-11,13:57,신용카드,"291,000","11,640"
528-87-5606,B,회원,여성,컴퓨터 주변기기,"41,059",1,"41,059",2019-02-12,19:43,현금,"39,480","1,579"
320-85-2052,B,비회원,여성,스포츠/여행,"36,202",1,"36,202",2019-01-14,10:11,신용카드,"34,810","1,392"
370-96-0655,C,비회원,여성,패션/액세서리,"51,293",6,"307,758",2019-01-09,13:46,신용카드,"295,920","11,838"
105-10-6182,A,회원,남성,패션/액세서리,"22,339",2,"44,678",2019-02-27,12:22,신용카드,"42,960","1,718"
510-79-0415,B,회원,여성,스포츠/여행,"24,003",6,"144,018",2019-01-24,19:20,신용카드,"138,480","5,538"
241-96-5076,B,회원,여성,홈데코,"51,064",2,"102,128",2019-01-08,12:58,신용카드,"98,200","3,928"
767-97-4650,B,회원,여성,스포츠/여행,"67,423",2,"134,846",2019-01-08,11:59,신용카드,"129,660","5,186"
648-83-1321,A,회원,남성,홈데코,"66,102",10,"661,020",2019-01-16,17:59,현금,"635,600","25,420"
173-57-2300,C,회원,남성,스포츠/여행,"75,795",2,"151,590",2019-03-13,12:51,현금,"145,760","5,830"
305-03-2383,A,비회원,여성,식품/음료,"69,784",3,"209,352",2019-02-15,10:36,현금,"201,300","8,052"
394-55-6384,C,회원,여성,스포츠/여행,"72,998",9,"656,982",2019-01-25,13:38,현금,"631,710","25,272"
266-20-6657,C,회원,남성,식품/음료,"57,242",7,"400,694",2019-03-12,19:39,신용카드,"385,280","15,414"
689-05-1884,A,회원,남성,헬스/뷰티,"50,575",10,"505,750",2019-03-04,12:44,현금,"486,300","19,450"
196-01-2849,C,회원,여성,패션/액세서리,"76,315",7,"534,205",2019-02-10,13:56,현금,"513,660","20,545"
372-62-5264,C,비회원,여성,식품/음료,"54,704",9,"492,336",2019-01-16,14:42,현금,"473,400","18,936"
800-09-8606,A,회원,여성,홈데코,"90,865",5,"454,325",2019-01-29,19:45,현금,"436,850","17,475"
182-52-7000,A,회원,여성,스포츠/여행,"28,122",4,"112,488",2019-01-01,20:26,신용카드,"108,160","4,328"
826-58-8051,B,비회원,남성,홈데코,"64,678",4,"258,712",2019-01-06,19:46,신용카드,"248,760","9,952"
868-06-0466,A,회원,남성,컴퓨터 주변기기,"72,363",9,"651,267",2019-02-19,19:38,신용카드,"626,220","25,047"
751-41-9720,C,비회원,남성,홈데코,"101,400",10,"1,014,000",2019-01-12,16:18,신용카드,"975,000","39,000"
626-43-7888,C,비회원,여성,패션/액세서리,"62,826",8,"502,608",2019-02-07,12:23,신용카드,"483,280","19,328"
176-64-7711,B,비회원,남성,식품/음료,"33,613",3,"100,839",2019-03-27,19:11,신용카드,"96,960","3,879"
191-29-0321,B,회원,여성,패션/액세서리,"20,561",10,"205,610",2019-02-27,18:57,신용카드,"197,700","7,910"
729-06-2010,B,회원,남성,헬스/뷰티,"83,689",9,"753,201",2019-01-06,11:18,현금,"724,230","28,971"
640-48-5028,B,회원,여성,홈데코,"91,926",9,"827,334",2019-03-02,12:40,현금,"795,510","31,824"
186-79-9562,B,비회원,남성,헬스/뷰티,"74,641",7,"522,487",2019-03-29,14:06,현금,"502,390","20,097"
834-45-5519,B,비회원,여성,컴퓨터 주변기기,"44,720",4,"178,880",2019-01-31,20:48,신용카드,"172,000","6,880"
162-65-8559,C,회원,남성,식품/음료,"71,739",1,"71,739",2019-01-21,20:13,현금,"68,980","2,759"
760-27-5490,C,비회원,남성,패션/액세서리,"16,245",8,"129,960",2019-01-20,20:37,신용카드,"124,960","5,000"
445-30-9252,A,비회원,남성,스포츠/여행,"26,728",3,"80,184",2019-01-17,17:59,신용카드,"77,100","3,084"
786-94-2700,A,회원,남성,식품/음료,"83,845",6,"503,070",2019-02-28,20:18,현금,"483,720","19,350"
728-88-7867,C,회원,여성,홈데코,"78,551",4,"314,204",2019-03-19,15:52,신용카드,"302,120","12,084"
183-21-3799,C,비회원,여성,컴퓨터 주변기기,"80,735",9,"726,615",2019-02-19,15:14,신용카드,"698,670","27,945"
268-20-3585,C,비회원,여성,헬스/뷰티,"14,404",9,"129,636",2019-02-04,12:50,신용카드,"124,650","4,986"
735-32-9839,C,회원,남성,패션/액세서리,"102,648",8,"821,184",2019-01-31,10:36,신용카드,"789,600","31,584"
258-92-7466,A,비회원,여성,헬스/뷰티,"37,107",5,"185,535",2019-02-06,18:33,신용카드,"178,400","7,135"
857-16-3520,A,회원,여성,패션/액세서리,"74,318",7,"520,226",2019-03-28,16:06,신용카드,"500,220","20,006"
482-17-1179,A,회원,남성,컴퓨터 주변기기,"12,418",3,"37,254",2019-01-19,12:47,신용카드,"35,820","1,434"
788-21-5741,A,비회원,남성,패션/액세서리,"47,195",3,"141,585",2019-02-17,13:34,신용카드,"136,140","5,445"
821-14-9046,B,회원,여성,패션/액세서리,"18,179",6,"109,074",2019-01-18,15:04,신용카드,"104,880","4,194"
418-05-0656,B,비회원,여성,패션/액세서리,"26,582",7,"186,074",2019-02-02,20:42,현금,"178,920","7,154"
678-79-0726,C,회원,여성,스포츠/여행,"94,255",9,"848,295",2019-01-18,15:28,현금,"815,670","32,625"
776-68-1096,B,비회원,남성,홈데코,"45,885",3,"137,655",2019-03-18,13:45,신용카드,"132,360","5,295"
592-46-1692,C,회원,여성,식품/음료,"38,241",7,"267,687",2019-01-11,20:10,현금,"257,390","10,297"
434-35-9162,B,회원,남성,식품/음료,"24,274",4,"97,096",2019-02-04,18:53,신용카드,"93,360","3,736"
149-14-0304,C,회원,여성,헬스/뷰티,"29,640",8,"237,120",2019-02-06,14:24,현금,"228,000","9,120"
442-44-6497,C,회원,남성,홈데코,"57,793",3,"173,379",2019-01-08,11:42,신용카드,"166,710","6,669"
174-64-0215,B,비회원,남성,스포츠/여행,"72,530",10,"725,300",2019-03-05,17:49,신용카드,"697,400","27,900"
210-74-9613,C,비회원,남성,패션/액세서리,"101,150",4,"404,600",2019-03-16,15:33,신용카드,"389,040","15,560"
299-29-0180,B,회원,여성,홈데코,"54,267",7,"379,869",2019-03-09,10:54,현금,"365,260","14,609"
247-11-2470,A,회원,여성,패션/액세서리,"23,213",4,"92,852",2019-03-01,16:23,신용카드,"89,280","3,572"
635-28-5728,A,비회원,남성,헬스/뷰티,"58,240",3,"174,720",2019-02-28,19:33,신용카드,"168,000","6,720"
756-49-0168,A,회원,남성,패션/액세서리,"20,488",1,"20,488",2019-02-08,11:39,신용카드,"19,700",788
438-23-1242,B,비회원,남성,컴퓨터 주변기기,"78,915",7,"552,405",2019-01-24,10:38,신용카드,"531,160","21,245"
238-45-6950,B,회원,남성,식품/음료,"55,869",1,"55,869",2019-03-01,20:03,신용카드,"53,720","2,149"
607-65-2441,C,회원,남성,헬스/뷰티,"85,228",10,"852,280",2019-03-10,12:39,신용카드,"819,500","32,780"
386-27-7606,C,회원,여성,홈데코,"84,448",7,"591,136",2019-03-23,15:59,신용카드,"568,400","22,736"
137-63-5492,C,비회원,남성,컴퓨터 주변기기,"61,110",10,"611,100",2019-01-29,14:26,신용카드,"587,600","23,500"
197-77-7132,B,회원,남성,컴퓨터 주변기기,"95,222",8,"761,776",2019-01-12,18:22,신용카드,"732,480","29,296"
805-86-0265,A,비회원,남성,홈데코,"97,718",9,"879,462",2019-03-20,11:32,현금,"845,640","33,822"
733-29-1227,C,비회원,남성,홈데코,"57,834",7,"404,838",2019-03-23,12:41,현금,"389,270","15,568"
451-73-2711,C,비회원,남성,식품/음료,"88,223",1,"88,223",2019-01-14,15:20,신용카드,"84,830","3,393"
373-14-0504,A,회원,여성,스포츠/여행,"74,495",2,"148,990",2019-02-12,14:33,신용카드,"143,260","5,730"
546-80-2899,A,회원,남성,홈데코,"39,198",2,"78,396",2019-02-20,15:29,신용카드,"75,380","3,016"
345-68-9016,C,회원,여성,스포츠/여행,"32,937",8,"263,496",2019-01-02,16:19,신용카드,"253,360","10,136"
390-17-5806,C,회원,여성,식품/음료,"39,957",1,"39,957",2019-02-02,16:33,현금,"38,420","1,537"
457-13-1708,B,회원,남성,패션/액세서리,"67,839",10,"678,390",2019-01-08,19:07,신용카드,"652,300","26,090"
664-14-2882,C,회원,여성,홈데코,"10,951",5,"54,755",2019-01-30,14:43,신용카드,"52,650","2,105"
487-79-6868,B,회원,여성,홈데코,"12,782",9,"115,038",2019-03-26,19:28,신용카드,"110,610","4,428"
314-23-4520,C,회원,남성,헬스/뷰티,"84,479",7,"591,353",2019-01-15,20:44,현금,"568,610","22,743"
210-30-7976,B,회원,여성,패션/액세서리,"23,213",4,"92,852",2019-03-14,11:16,신용카드,"89,280","3,572"
585-86-8361,A,비회원,여성,식품/음료,"28,371",5,"141,855",2019-02-03,10:31,신용카드,"136,400","5,455"
807-14-7833,A,회원,여성,컴퓨터 주변기기,"18,117",10,"181,170",2019-02-22,12:30,신용카드,"174,200","6,970"
775-72-1988,B,비회원,남성,홈데코,"76,211",5,"381,055",2019-01-24,15:05,신용카드,"366,400","14,655"
288-38-3758,C,회원,여성,패션/액세서리,"88,265",3,"264,795",2019-01-25,18:30,신용카드,"254,610","10,185"
652-43-6591,A,비회원,여성,패션/액세서리,"101,182",8,"809,456",2019-03-09,13:18,신용카드,"778,320","31,136"
785-96-0615,B,회원,여성,컴퓨터 주변기기,"37,170",8,"297,360",2019-02-17,15:28,신용카드,"285,920","11,440"
406-46-7107,A,비회원,여성,홈데코,"100,381",6,"602,286",2019-01-11,11:52,현금,"579,120","23,166"
250-17-5703,A,회원,남성,식품/음료,"19,604",10,"196,040",2019-02-27,18:24,신용카드,"188,500","7,540"
156-95-3964,A,비회원,여성,식품/음료,"57,606",4,"230,424",2019-03-25,15:19,신용카드,"221,560","8,864"
842-40-8179,B,회원,여성,식품/음료,"80,288",10,"802,880",2019-02-11,10:38,신용카드,"772,000","30,880"
525-09-8450,B,비회원,남성,컴퓨터 주변기기,"75,015",10,"750,150",2019-01-31,15:12,신용카드,"721,300","28,850"
410-67-1709,A,회원,여성,패션/액세서리,"66,435",8,"531,480",2019-01-20,17:48,신용카드,"511,040","20,440"
587-73-4862,A,회원,여성,헬스/뷰티,"11,118",5,"55,590",2019-03-26,11:07,신용카드,"53,450","2,140"
787-87-2010,A,회원,남성,헬스/뷰티,"57,720",4,"230,880",2019-01-20,15:48,신용카드,"222,000","8,880"
593-14-4239,B,비회원,여성,홈데코,"99,278",8,"794,224",2019-03-05,19:40,신용카드,"763,680","30,544"
801-88-0346,C,비회원,여성,패션/액세서리,"79,102",3,"237,306",2019-01-05,20:30,신용카드,"228,180","9,126"
388-76-2555,B,비회원,남성,스포츠/여행,"14,238",6,"85,428",2019-02-13,13:59,현금,"82,140","3,288"
711-31-1234,B,비회원,여성,컴퓨터 주변기기,"99,466",4,"397,864",2019-03-16,18:51,현금,"382,560","15,304"
886-54-6089,A,비회원,여성,홈데코,"11,887",6,"71,322",2019-01-15,17:24,현금,"68,580","2,742"
707-32-7409,B,회원,여성,스포츠/여행,"99,362",4,"397,448",2019-02-26,11:58,신용카드,"382,160","15,288"
759-98-4285,C,회원,여성,헬스/뷰티,"89,305",7,"625,135",2019-02-27,19:01,신용카드,"601,090","24,045"
201-63-8275,C,회원,여성,스포츠/여행,"70,710",7,"494,970",2019-02-17,16:50,신용카드,"475,930","19,040"
471-06-8611,C,비회원,여성,식품/음료,"54,517",1,"54,517",2019-02-06,10:22,신용카드,"52,420","2,097"
200-16-5952,C,회원,남성,식품/음료,"68,276",2,"136,552",2019-01-17,16:46,현금,"131,300","5,252"
120-54-2248,B,비회원,여성,식품/음료,"30,014",5,"150,070",2019-01-22,18:08,신용카드,"144,300","5,770"
102-77-2261,C,회원,남성,헬스/뷰티,"67,922",7,"475,454",2019-03-05,18:02,신용카드,"457,170","18,284"
875-31-8302,B,비회원,남성,스포츠/여행,"97,115",1,"97,115",2019-01-03,13:07,현금,"93,380","3,735"
102-06-2002,C,회원,남성,스포츠/여행,"26,260",5,"131,300",2019-03-20,17:52,현금,"126,250","5,050"
457-94-0464,B,회원,남성,컴퓨터 주변기기,"91,385",9,"822,465",2019-01-31,20:32,신용카드,"790,830","31,635"
629-42-4133,C,비회원,남성,헬스/뷰티,"22,672",8,"181,376",2019-02-19,19:24,현금,"174,400","6,976"
534-53-3526,A,비회원,여성,스포츠/여행,"98,550",4,"394,200",2019-02-11,16:06,신용카드,"379,040","15,160"
307-04-2070,A,회원,여성,패션/액세서리,"31,845",1,"31,845",2019-02-05,14:14,신용카드,"30,620","1,225"
468-99-7231,C,비회원,여성,홈데코,"45,770",8,"366,160",2019-03-03,17:36,현금,"352,080","14,080"
516-77-6464,C,회원,여성,헬스/뷰티,"10,566",5,"52,830",2019-02-24,13:08,신용카드,"50,800","2,030"
404-91-5964,A,비회원,남성,컴퓨터 주변기기,"77,563",7,"542,941",2019-02-04,16:09,신용카드,"522,060","20,881"
886-77-9084,C,비회원,남성,컴퓨터 주변기기,"74,766",8,"598,128",2019-02-19,11:33,신용카드,"575,120","23,008"
790-38-4466,C,비회원,여성,헬스/뷰티,"11,430",5,"57,150",2019-01-23,10:18,신용카드,"54,950","2,200"
704-10-4056,C,회원,남성,헬스/뷰티,"62,889",3,"188,667",2019-01-14,10:55,신용카드,"181,410","7,257"
497-37-6538,A,비회원,남성,스포츠/여행,"61,266",7,"428,862",2019-01-17,15:15,신용카드,"412,370","16,492"
651-96-5970,A,비회원,남성,패션/액세서리,"48,266",1,"48,266",2019-03-03,20:06,신용카드,"46,410","1,856"
400-80-4065,C,회원,남성,헬스/뷰티,"71,292",4,"285,168",2019-02-15,20:21,신용카드,"274,200","10,968"
744-16-7898,B,비회원,여성,홈데코,"101,265",10,"1,012,650",2019-01-15,13:48,신용카드,"973,700","38,950"
263-12-5321,A,회원,남성,컴퓨터 주변기기,"96,304",7,"674,128",2019-02-27,12:52,신용카드,"648,200","25,928"
702-72-0487,A,비회원,여성,컴퓨터 주변기기,"48,474",2,"96,948",2019-02-26,12:28,신용카드,"93,220","3,728"
605-83-1050,B,비회원,남성,패션/액세서리,"28,267",2,"56,534",2019-03-15,16:26,신용카드,"54,360","2,174"
443-60-9639,C,회원,여성,홈데코,"63,305",1,"63,305",2019-01-24,13:24,현금,"60,870","2,435"
864-24-7918,A,회원,여성,스포츠/여행,"25,470",10,"254,700",2019-02-22,15:15,현금,"244,900","9,800"
359-94-5395,B,비회원,남성,헬스/뷰티,"96,491",1,"96,491",2019-03-15,10:50,신용카드,"92,780","3,711"
401-09-4232,C,회원,남성,홈데코,"90,158",5,"450,790",2019-02-11,18:38,신용카드,"433,450","17,340"
751-15-6198,B,비회원,남성,스포츠/여행,"23,930",6,"143,580",2019-01-12,16:45,신용카드,"138,060","5,520"
324-41-6833,C,회원,여성,컴퓨터 주변기기,"31,408",8,"251,264",2019-03-03,19:30,신용카드,"241,600","9,664"
474-33-8305,C,회원,남성,패션/액세서리,"70,086",7,"490,602",2019-03-23,13:23,신용카드,"471,730","18,872"
759-29-9521,A,회원,여성,패션/액세서리,"50,918",9,"458,262",2019-03-04,11:27,현금,"440,640","17,622"
831-81-6575,B,회원,여성,컴퓨터 주변기기,"78,614",9,"707,526",2019-02-23,11:12,현금,"680,310","27,216"
220-68-6701,A,비회원,여성,홈데코,"80,569",4,"322,276",2019-03-17,16:36,현금,"309,880","12,396"
618-34-8551,A,비회원,여성,스포츠/여행,"96,907",2,"193,814",2019-01-16,18:41,신용카드,"186,360","7,454"
257-60-7754,A,비회원,여성,컴퓨터 주변기기,"52,239",4,"208,956",2019-01-08,17:12,현금,"200,920","8,036"
559-61-5987,B,비회원,여성,헬스/뷰티,"18,460",1,"18,460",2019-01-14,10:38,현금,"17,750",710
189-55-2313,C,비회원,여성,패션/액세서리,"64,667",10,"646,670",2019-01-31,10:33,신용카드,"621,800","24,870"
565-91-4567,B,비회원,남성,헬스/뷰티,"11,180",8,"89,440",2019-03-15,14:38,신용카드,"86,000","3,440"
380-60-5336,A,비회원,여성,컴퓨터 주변기기,"41,870",10,"418,700",2019-02-24,18:06,신용카드,"402,600","16,100"
815-04-6282,C,회원,여성,스포츠/여행,"67,569",5,"337,845",2019-02-08,12:52,신용카드,"324,850","12,995"
674-56-6360,A,비회원,남성,컴퓨터 주변기기,"98,956",1,"98,956",2019-03-22,14:00,현금,"95,150","3,806"
778-34-2523,A,회원,여성,컴퓨터 주변기기,"50,565",8,"404,520",2019-01-24,10:57,현금,"388,960","15,560"
499-27-7781,B,비회원,여성,식품/음료,"55,338",8,"442,704",2019-03-14,16:45,신용카드,"425,680","17,024"
477-59-2456,C,비회원,여성,패션/액세서리,"47,258",7,"330,806",2019-01-23,11:15,현금,"318,080","12,726"
832-51-6761,A,비회원,남성,식품/음료,"35,235",8,"281,880",2019-01-19,20:29,신용카드,"271,040","10,840"
869-11-3082,B,회원,남성,헬스/뷰티,"100,006",4,"400,024",2019-01-27,20:03,신용카드,"384,640","15,384"
190-59-3964,B,회원,남성,식품/음료,"49,046",5,"245,230",2019-02-03,14:35,신용카드,"235,800","9,430"
366-43-6862,B,비회원,남성,컴퓨터 주변기기,"55,006",4,"220,024",2019-03-25,16:32,신용카드,"211,560","8,464"
186-43-8965,A,회원,여성,홈데코,"49,587",2,"99,174",2019-02-24,10:10,신용카드,"95,360","3,814"
784-21-9238,C,회원,남성,스포츠/여행,"10,577",1,"10,577",2019-02-07,14:15,현금,"10,170",407
276-75-6884,A,비회원,여성,헬스/뷰티,"71,458",3,"214,374",2019-03-04,10:05,현금,"206,130","8,244"
109-86-4363,B,회원,여성,스포츠/여행,"62,483",7,"437,381",2019-02-14,11:36,신용카드,"420,560","16,821"
569-76-2760,A,회원,여성,스포츠/여행,"22,890",4,"91,560",2019-01-29,18:15,신용카드,"88,040","3,520"
222-42-0244,B,회원,여성,헬스/뷰티,"74,994",9,"674,946",2019-01-28,13:53,신용카드,"648,990","25,956"
760-53-9233,A,회원,남성,패션/액세서리,"42,931",3,"128,793",2019-03-26,18:37,신용카드,"123,840","4,953"
538-22-0304,C,비회원,남성,컴퓨터 주변기기,"67,548",10,"675,480",2019-03-24,18:27,현금,"649,500","25,980"
416-17-9926,A,회원,여성,컴퓨터 주변기기,"77,189",10,"771,890",2019-01-01,14:42,신용카드,"742,200","29,690"
237-44-6163,A,비회원,남성,컴퓨터 주변기기,"10,982",8,"87,856",2019-01-24,17:43,현금,"84,480","3,376"
636-17-0325,B,비회원,남성,헬스/뷰티,"65,073",4,"260,292",2019-02-25,18:37,현금,"250,280","10,012"
343-75-9322,B,회원,여성,스포츠/여행,"12,324",8,"98,592",2019-01-09,16:34,현금,"94,800","3,792"
528-14-9470,A,회원,남성,헬스/뷰티,"94,952",1,"94,952",2019-02-14,14:42,신용카드,"91,300","3,652"
427-45-9297,B,회원,여성,홈데코,"42,359",7,"296,513",2019-03-12,11:01,신용카드,"285,110","11,403"
807-34-3742,A,비회원,남성,패션/액세서리,"54,475",1,"54,475",2019-03-26,19:44,현금,"52,380","2,095"
288-62-1085,A,회원,남성,패션/액세서리,"40,082",5,"200,410",2019-01-09,13:34,신용카드,"192,700","7,710"
670-71-7306,B,비회원,남성,스포츠/여행,"46,415",6,"278,490",2019-01-02,20:08,신용카드,"267,780","10,710"
660-29-7083,C,비회원,남성,컴퓨터 주변기기,"58,105",10,"581,050",2019-01-15,15:01,현금,"558,700","22,350"
271-77-8740,C,회원,여성,스포츠/여행,"30,389",6,"182,334",2019-01-01,11:40,신용카드,"175,320","7,014"
497-36-0989,A,비회원,남성,패션/액세서리,"54,018",3,"162,054",2019-02-15,15:21,현금,"155,820","6,234"
291-59-1384,B,비회원,남성,컴퓨터 주변기기,"62,712",1,"62,712",2019-02-28,17:38,현금,"60,300","2,412"
860-73-6466,A,회원,여성,스포츠/여행,"41,049",2,"82,098",2019-03-02,16:16,신용카드,"78,940","3,158"
549-23-9016,C,회원,여성,식품/음료,"15,465",2,"30,930",2019-02-13,18:15,신용카드,"29,740","1,190"
896-34-0956,A,비회원,남성,패션/액세서리,"22,173",1,"22,173",2019-01-26,12:43,현금,"21,320",853
804-38-3935,A,회원,남성,컴퓨터 주변기기,"97,531",3,"292,593",2019-01-30,11:32,신용카드,"281,340","11,253"
585-90-0249,A,회원,남성,컴퓨터 주변기기,"76,190",1,"76,190",2019-01-27,18:08,신용카드,"73,260","2,930"
862-29-5914,C,비회원,여성,스포츠/여행,"23,275",1,"23,275",2019-01-30,17:08,신용카드,"22,380",895
845-94-6841,C,회원,여성,식품/음료,"75,795",9,"682,155",2019-01-08,19:38,현금,"655,920","26,235"
125-45-2293,A,비회원,여성,패션/액세서리,"103,064",6,"618,384",2019-01-19,13:11,현금,"594,600","23,784"
843-73-4724,A,비회원,남성,패션/액세서리,"77,064",1,"77,064",2019-01-25,11:05,현금,"74,100","2,964"
409-33-9708,A,비회원,여성,패션/액세서리,"102,419",2,"204,838",2019-02-19,10:12,신용카드,"196,960","7,878"
658-66-3967,C,비회원,남성,헬스/뷰티,"55,318",7,"387,226",2019-01-14,15:42,신용카드,"372,330","14,896"
866-70-2814,B,비회원,여성,컴퓨터 주변기기,"54,902",10,"549,020",2019-02-25,11:58,신용카드,"527,900","21,120"
160-22-2687,A,회원,여성,헬스/뷰티,"99,788",5,"498,940",2019-01-23,14:21,신용카드,"479,750","19,190"
895-03-6665,B,비회원,여성,패션/액세서리,"37,970",9,"341,730",2019-02-16,10:52,현금,"328,590","13,140"
770-42-8960,B,비회원,남성,식품/음료,"21,965",8,"175,720",2019-01-01,19:31,현금,"168,960","6,760"
748-45-2862,A,회원,여성,홈데코,"29,442",4,"117,768",2019-03-07,18:35,현금,"113,240","4,528"
234-36-2483,B,비회원,남성,헬스/뷰티,"59,894",6,"359,364",2019-02-15,13:51,현금,"345,540","13,824"
316-66-3011,A,회원,여성,식품/음료,"49,535",9,"445,815",2019-01-23,12:35,현금,"428,670","17,145"
848-95-6252,C,회원,여성,홈데코,"89,721",1,"89,721",2019-02-20,13:24,신용카드,"86,270","3,451"
840-76-5966,A,회원,남성,스포츠/여행,"13,270",2,"26,540",2019-01-08,18:06,신용카드,"25,520","1,020"
152-03-4217,B,비회원,여성,홈데코,"11,731",9,"105,579",2019-03-17,11:55,신용카드,"101,520","4,059"
533-66-5566,B,비회원,여성,홈데코,"53,113",7,"371,791",2019-01-12,11:42,현금,"357,490","14,301"
124-31-1458,A,회원,여성,컴퓨터 주변기기,"82,774",3,"248,322",2019-01-08,14:30,현금,"238,770","9,552"
176-78-1170,C,회원,남성,헬스/뷰티,"35,162",3,"105,486",2019-01-26,15:11,신용카드,"101,430","4,056"
361-59-0574,B,회원,남성,스포츠/여행,"94,151",8,"753,208",2019-03-15,14:48,신용카드,"724,240","28,968"
101-81-4070,C,회원,여성,헬스/뷰티,"65,333",2,"130,666",2019-01-17,12:36,신용카드,"125,640","5,026"
631-34-1880,C,회원,남성,식품/음료,"25,282",3,"75,846",2019-01-08,19:09,신용카드,"72,930","2,916"
852-82-2749,A,비회원,남성,스포츠/여행,"67,174",4,"268,696",2019-01-06,13:35,신용카드,"258,360","10,336"
873-14-6353,A,회원,남성,식품/음료,"25,813",7,"180,691",2019-02-16,10:33,신용카드,"173,740","6,951"
584-66-4073,C,비회원,남성,패션/액세서리,"58,760",1,"58,760",2019-03-13,15:45,신용카드,"56,500","2,260"
544-55-9589,B,회원,여성,컴퓨터 주변기기,"22,287",10,"222,870",2019-01-28,11:51,현금,"214,300","8,570"
166-19-2553,A,회원,남성,스포츠/여행,"92,622",6,"555,732",2019-01-18,17:26,현금,"534,360","21,372"
737-88-5876,A,회원,남성,홈데코,"24,222",4,"96,888",2019-03-19,11:52,신용카드,"93,160","3,728"
154-87-7367,C,비회원,남성,홈데코,"67,870",8,"542,960",2019-03-15,14:04,신용카드,"522,080","20,880"
885-56-0389,C,회원,남성,패션/액세서리,"54,444",1,"54,444",2019-02-12,17:49,현금,"52,350","2,094"
608-05-3804,B,회원,남성,컴퓨터 주변기기,"41,340",1,"41,340",2019-02-25,20:19,현금,"39,750","1,590"
448-61-3783,A,비회원,여성,컴퓨터 주변기기,"93,621",8,"748,968",2019-03-21,16:08,신용카드,"720,160","28,808"
761-49-0439,B,회원,여성,컴퓨터 주변기기,"12,584",8,"100,672",2019-01-19,10:17,신용카드,"96,800","3,872"
490-95-0021,B,회원,여성,식품/음료,"34,538",10,"345,380",2019-01-08,14:25,신용카드,"332,100","13,280"
115-38-7388,C,회원,여성,패션/액세서리,"10,587",8,"84,696",2019-03-30,12:51,신용카드,"81,440","3,256"
311-13-6971,B,회원,남성,스포츠/여행,"33,270",10,"332,700",2019-02-20,15:18,신용카드,"319,900","12,800"
291-55-6563,A,회원,여성,홈데코,"35,797",6,"214,782",2019-03-30,12:45,신용카드,"206,520","8,262"
548-48-3156,A,회원,여성,식품/음료,"86,674",2,"173,348",2019-03-19,13:37,현금,"166,680","6,668"
460-93-5834,A,비회원,남성,스포츠/여행,"47,403",7,"331,821",2019-01-13,10:03,현금,"319,060","12,761"
325-89-4209,A,회원,남성,식품/음료,"91,416",1,"91,416",2019-02-05,19:42,신용카드,"87,900","3,516"
884-80-6021,A,회원,여성,컴퓨터 주변기기,"76,409",10,"764,090",2019-03-23,13:14,신용카드,"734,700","29,390"
137-74-8729,C,비회원,여성,패션/액세서리,"12,678",8,"101,424",2019-03-13,12:47,신용카드,"97,520","3,904"
880-46-5796,A,회원,남성,스포츠/여행,"79,997",10,"799,970",2019-03-17,19:53,신용카드,"769,200","30,770"
389-70-2397,C,비회원,여성,헬스/뷰티,"87,006",5,"435,030",2019-02-21,10:26,현금,"418,300","16,730"
114-35-5271,B,비회원,여성,컴퓨터 주변기기,"60,226",8,"481,808",2019-02-07,15:06,현금,"463,280","18,528"
607-76-6216,C,회원,여성,패션/액세서리,"96,190",5,"480,950",2019-03-02,16:35,신용카드,"462,450","18,500"
715-20-1673,B,비회원,남성,컴퓨터 주변기기,"29,515",5,"147,575",2019-03-06,20:57,현금,"141,900","5,675"
811-35-1094,B,회원,남성,컴퓨터 주변기기,"52,468",6,"314,808",2019-02-06,15:16,신용카드,"302,700","12,108"
699-88-1972,B,비회원,남성,헬스/뷰티,"103,126",8,"825,008",2019-01-28,17:47,신용카드,"793,280","31,728"
781-84-8059,C,비회원,남성,패션/액세서리,"63,170",7,"442,190",2019-01-18,16:23,신용카드,"425,180","17,010"
409-49-6995,C,회원,여성,식품/음료,"49,161",6,"294,966",2019-02-05,10:17,현금,"283,620","11,346"
725-54-0677,C,회원,남성,헬스/뷰티,"89,024",7,"623,168",2019-03-02,13:50,현금,"599,200","23,968"
146-09-5432,A,회원,남성,식품/음료,"36,442",9,"327,978",2019-02-09,19:17,신용카드,"315,360","12,618"
377-79-7592,C,회원,여성,컴퓨터 주변기기,"46,634",9,"419,706",2019-01-14,14:00,신용카드,"403,560","16,146"
509-10-0516,B,비회원,남성,홈데코,"47,809",4,"191,236",2019-02-09,12:02,신용카드,"183,880","7,356"
595-94-9924,A,회원,여성,헬스/뷰티,"28,839",5,"144,195",2019-03-26,20:21,신용카드,"138,650","5,545"
865-41-9075,A,비회원,남성,식품/음료,"11,991",7,"83,937",2019-01-28,17:35,현금,"80,710","3,227"
545-07-8534,C,비회원,여성,헬스/뷰티,"60,653",2,"121,306",2019-02-14,12:42,신용카드,"116,640","4,666"
118-62-1812,C,회원,여성,홈데코,"81,515",4,"326,060",2019-03-24,17:56,현금,"313,520","12,540"
450-42-3339,C,비회원,남성,헬스/뷰티,"87,994",10,"879,940",2019-02-09,18:58,신용카드,"846,100","33,840"
851-98-3555,B,비회원,여성,헬스/뷰티,"86,195",5,"430,975",2019-03-24,14:08,신용카드,"414,400","16,575"
186-71-5196,A,회원,여성,식품/음료,"82,722",2,"165,444",2019-03-27,16:30,신용카드,"159,080","6,364"
624-01-8356,B,비회원,여성,홈데코,"50,970",10,"509,700",2019-01-27,10:44,신용카드,"490,100","19,600"
313-66-9943,B,회원,여성,식품/음료,"30,316",3,"90,948",2019-03-27,20:29,신용카드,"87,450","3,498"
151-27-8496,C,비회원,여성,컴퓨터 주변기기,"58,375",4,"233,500",2019-01-19,11:43,신용카드,"224,520","8,980"
453-33-6436,A,비회원,여성,홈데코,"96,845",8,"774,760",2019-02-07,10:09,현금,"744,960","29,800"
522-57-8364,A,회원,남성,패션/액세서리,"53,394",8,"427,152",2019-01-31,10:00,신용카드,"410,720","16,432"
459-45-2396,A,회원,여성,식품/음료,"103,584",3,"310,752",2019-02-25,18:45,현금,"298,800","11,952"
717-96-4189,C,비회원,여성,컴퓨터 주변기기,"36,910",6,"221,460",2019-02-02,12:40,현금,"212,940","8,520"
722-13-2115,C,회원,남성,스포츠/여행,"44,564",1,"44,564",2019-03-14,15:36,신용카드,"42,850","1,714"
749-81-8133,A,비회원,여성,패션/액세서리,"98,457",4,"393,828",2019-03-11,12:04,현금,"378,680","15,148"
777-67-2495,B,비회원,남성,홈데코,"71,729",3,"215,187",2019-02-22,11:26,신용카드,"206,910","8,277"
636-98-3364,B,회원,여성,컴퓨터 주변기기,"27,310",3,"81,930",2019-03-02,12:36,신용카드,"78,780","3,150"
246-55-6923,C,회원,여성,홈데코,"37,222",9,"334,998",2019-03-10,15:06,신용카드,"322,110","12,888"
181-82-6255,B,비회원,여성,홈데코,"17,025",6,"102,150",2019-02-08,10:58,현금,"98,220","3,930"
838-02-1821,C,회원,여성,홈데코,"13,239",2,"26,478",2019-02-22,12:10,신용카드,"25,460","1,018"
887-42-0517,C,비회원,여성,스포츠/여행,"86,466",7,"605,262",2019-01-10,10:31,신용카드,"581,980","23,282"
457-12-0244,C,회원,여성,스포츠/여행,"36,629",6,"219,774",2019-03-14,13:49,신용카드,"211,320","8,454"
226-34-0034,B,비회원,여성,컴퓨터 주변기기,"14,331",4,"57,324",2019-01-10,11:10,신용카드,"55,120","2,204"
321-49-7382,B,회원,남성,스포츠/여행,"91,842",1,"91,842",2019-02-15,17:38,신용카드,"88,310","3,532"
397-25-8725,A,회원,여성,헬스/뷰티,"41,205",9,"370,845",2019-01-13,17:54,신용카드,"356,580","14,265"
431-66-2305,B,비회원,여성,컴퓨터 주변기기,"91,780",9,"826,020",2019-02-15,20:51,신용카드,"794,250","31,770"
825-94-5922,B,비회원,남성,스포츠/여행,"26,322",2,"52,644",2019-03-02,19:26,신용카드,"50,620","2,024"
641-62-7288,B,비회원,남성,홈데코,"103,917",6,"623,502",2019-03-24,13:33,신용카드,"599,520","23,982"
756-93-1854,C,회원,여성,패션/액세서리,"86,684",2,"173,368",2019-02-02,14:05,신용카드,"166,700","6,668"
243-55-8457,A,비회원,여성,식품/음료,"77,418",10,"774,180",2019-02-27,11:40,신용카드,"744,400","29,780"
458-10-8612,C,비회원,남성,헬스/뷰티,"66,643",7,"466,501",2019-01-20,12:27,신용카드,"448,560","17,941"
501-61-1753,B,비회원,여성,홈데코,"65,676",6,"394,056",2019-01-03,20:24,신용카드,"378,900","15,156"
235-06-8510,C,회원,남성,홈데코,"89,149",3,"267,447",2019-01-24,20:59,신용카드,"257,160","10,287"
433-08-7822,C,비회원,여성,헬스/뷰티,"82,046",7,"574,322",2019-01-05,19:48,신용카드,"552,230","22,092"
361-85-2571,A,비회원,여성,스포츠/여행,"93,059",5,"465,295",2019-03-30,10:18,현금,"447,400","17,895"
131-70-8179,A,회원,여성,헬스/뷰티,"95,774",3,"287,322",2019-02-17,16:27,현금,"276,270","11,052"
500-02-2261,C,비회원,여성,식품/음료,"59,582",6,"357,492",2019-03-21,17:04,신용카드,"343,740","13,752"
720-72-2436,A,비회원,남성,식품/음료,"69,181",4,"276,724",2019-03-02,18:14,신용카드,"266,080","10,644"
702-83-5291,C,회원,남성,패션/액세서리,"103,813",9,"934,317",2019-03-27,10:43,현금,"898,380","35,937"
809-69-9497,A,비회원,여성,홈데코,"47,507",10,"475,070",2019-01-19,19:30,신용카드,"456,800","18,270"
449-16-6770,A,비회원,남성,헬스/뷰티,"52,822",5,"264,110",2019-02-19,14:53,신용카드,"253,950","10,160"
333-23-2632,A,회원,남성,헬스/뷰티,"10,483",7,"73,381",2019-03-28,20:14,현금,"70,560","2,821"
489-82-1237,A,비회원,여성,컴퓨터 주변기기,"97,635",7,"683,445",2019-01-05,11:51,신용카드,"657,160","26,285"
859-97-6048,C,회원,남성,컴퓨터 주변기기,"87,620",2,"175,240",2019-03-26,14:13,신용카드,"168,500","6,740"
676-10-2200,B,회원,남성,패션/액세서리,"55,931",1,"55,931",2019-02-03,20:13,신용카드,"53,780","2,151"
373-88-1424,C,회원,남성,홈데코,"37,242",5,"186,210",2019-02-06,18:44,신용카드,"179,050","7,160"
365-16-4334,B,비회원,여성,식품/음료,"27,487",8,"219,896",2019-02-24,14:26,신용카드,"211,440","8,456"
503-21-4385,B,회원,남성,헬스/뷰티,"41,506",3,"124,518",2019-02-21,12:40,신용카드,"119,730","4,788"
305-89-2768,B,회원,여성,홈데코,"22,776",3,"68,328",2019-01-09,18:43,신용카드,"65,700","2,628"
574-80-1489,B,회원,여성,식품/음료,"65,364",4,"261,456",2019-02-25,13:22,신용카드,"251,400","10,056"
784-08-0310,C,회원,여성,식품/음료,"21,882",4,"87,528",2019-01-13,13:58,현금,"84,160","3,368"
200-40-6154,B,회원,남성,홈데코,"68,546",6,"411,276",2019-02-09,11:45,현금,"395,460","15,816"
846-10-0341,A,비회원,여성,패션/액세서리,"44,273",7,"309,911",2019-01-06,11:51,현금,"297,990","11,921"
577-34-7579,C,회원,남성,식품/음료,"52,510",9,"472,590",2019-01-10,17:16,현금,"454,410","18,180"
430-02-3888,B,비회원,남성,컴퓨터 주변기기,"47,861",6,"287,166",2019-02-07,15:55,현금,"276,120","11,046"
867-47-1948,C,비회원,여성,홈데코,"16,432",10,"164,320",2019-01-09,12:07,현금,"158,000","6,320"
384-59-6655,A,회원,여성,식품/음료,"102,606",9,"923,454",2019-02-19,15:07,현금,"887,940","35,514"
256-58-3609,C,회원,남성,패션/액세서리,"95,659",1,"95,659",2019-03-18,15:29,현금,"91,980","3,679"
324-92-3863,A,회원,남성,컴퓨터 주변기기,"21,726",2,"43,452",2019-02-05,18:45,현금,"41,780","1,672"
593-08-5916,A,비회원,여성,패션/액세서리,"16,120",1,"16,120",2019-03-19,15:23,신용카드,"15,500",620
364-34-2972,C,회원,남성,컴퓨터 주변기기,"100,693",3,"302,079",2019-03-30,20:37,현금,"290,460","11,619"
794-42-3736,B,비회원,남성,식품/음료,"34,663",2,"69,326",2019-01-26,14:41,신용카드,"66,660","2,666"
172-42-8274,B,비회원,여성,컴퓨터 주변기기,"39,801",2,"79,602",2019-03-02,18:18,신용카드,"76,540","3,062"
558-60-5016,A,비회원,여성,홈데코,"34,632",9,"311,688",2019-03-04,15:27,신용카드,"299,700","11,988"
195-06-0432,A,회원,남성,홈데코,"84,250",3,"252,750",2019-01-13,12:55,신용카드,"243,030","9,720"
605-03-2706,A,비회원,여성,헬스/뷰티,"16,432",3,"49,296",2019-03-25,18:02,현금,"47,400","1,896"
214-30-2776,B,회원,여성,컴퓨터 주변기기,"35,870",5,"179,350",2019-03-11,19:44,신용카드,"172,450","6,900"
746-04-1077,B,회원,여성,식품/음료,"88,015",10,"880,150",2019-01-01,11:36,신용카드,"846,300","33,850"
448-34-8700,B,회원,남성,홈데코,"38,386",7,"268,702",2019-02-10,13:51,신용카드,"258,370","10,332"
452-04-8808,B,비회원,남성,컴퓨터 주변기기,"90,563",7,"633,941",2019-01-26,15:17,현금,"609,560","24,381"
531-56-4728,A,비회원,남성,홈데코,"83,283",3,"249,849",2019-02-11,15:29,현금,"240,240","9,609"
744-82-9138,C,비회원,남성,패션/액세서리,"89,575",2,"179,150",2019-02-07,17:59,현금,"172,260","6,890"
883-69-1285,B,회원,남성,패션/액세서리,"51,917",2,"103,834",2019-03-06,11:55,신용카드,"99,840","3,994"
221-25-5073,A,비회원,여성,식품/음료,"77,646",4,"310,584",2019-03-04,10:39,현금,"298,640","11,944"
518-71-6847,B,회원,남성,식품/음료,"27,664",6,"165,984",2019-02-26,15:10,신용카드,"159,600","6,384"
156-20-0370,B,비회원,여성,컴퓨터 주변기기,"26,468",1,"26,468",2019-03-10,18:10,신용카드,"25,450","1,018"
151-33-7434,B,비회원,여성,식품/음료,"70,481",1,"70,481",2019-02-04,20:43,신용카드,"67,770","2,711"
728-47-9078,C,회원,남성,식품/음료,"61,974",4,"247,896",2019-01-19,12:46,현금,"238,360","9,536"
809-46-1866,A,비회원,남성,헬스/뷰티,"60,476",4,"241,904",2019-01-23,17:44,현금,"232,600","9,304"
139-32-4183,A,회원,여성,스포츠/여행,"101,379",9,"912,411",2019-03-14,14:19,신용카드,"877,320","35,091"
148-41-7930,C,비회원,남성,헬스/뷰티,"103,958",7,"727,706",2019-01-23,10:33,현금,"699,720","27,986"
189-40-5216,C,비회원,남성,컴퓨터 주변기기,"100,225",7,"701,575",2019-01-09,11:40,현금,"674,590","26,985"
374-38-5555,B,비회원,여성,패션/액세서리,"66,258",5,"331,290",2019-02-07,19:30,신용카드,"318,550","12,740"
764-44-8999,B,비회원,여성,헬스/뷰티,"15,350",2,"30,700",2019-02-18,14:42,신용카드,"29,520","1,180"
552-44-5977,B,회원,남성,헬스/뷰티,"64,480",8,"515,840",2019-01-03,19:08,신용카드,"496,000","19,840"
267-62-7380,C,회원,남성,컴퓨터 주변기기,"85,634",10,"856,340",2019-03-29,19:12,신용카드,"823,400","32,940"
430-53-4718,B,회원,남성,헬스/뷰티,"78,385",8,"627,080",2019-01-28,15:46,신용카드,"602,960","24,120"
886-18-2897,A,비회원,여성,식품/음료,"58,822",5,"294,110",2019-03-22,19:06,신용카드,"282,800","11,310"
602-16-6955,B,비회원,여성,스포츠/여행,"79,664",10,"796,640",2019-01-24,18:10,신용카드,"766,000","30,640"
745-74-0715,A,비회원,남성,컴퓨터 주변기기,"60,351",2,"120,702",2019-03-10,20:46,신용카드,"116,060","4,642"
690-01-6631,B,비회원,남성,패션/액세서리,"18,190",10,"181,900",2019-02-22,18:35,신용카드,"174,900","7,000"
652-49-6720,C,회원,여성,컴퓨터 주변기기,"63,388",1,"63,388",2019-02-18,11:40,신용카드,"60,950","2,438"
233-67-5758,C,비회원,남성,헬스/뷰티,"41,964",1,"41,964",2019-01-29,13:46,신용카드,"40,350","1,614"
303-96-2227,B,비회원,여성,홈데코,"101,275",10,"1,012,750",2019-03-02,17:16,신용카드,"973,800","38,950"
727-02-1313,A,회원,남성,식품/음료,"33,114",1,"33,114",2019-02-09,13:22,현금,"31,840","1,274"
347-56-2442,A,비회원,남성,홈데코,"68,453",1,"68,453",2019-02-22,15:33,현금,"65,820","2,633"
849-09-3807,A,회원,여성,패션/액세서리,"91,874",7,"643,118",2019-02-18,13:28,현금,"618,380","24,738"
